device: cuda BW
dataset: 751 tiles, 256x256 crops
params: 67.4M
step 25/60000 loss 0.9144 lr 5.00e-06 34s (1.36s/step)
step 50/60000 loss 0.6070 lr 1.00e-05 62s (1.24s/step)
step 75/60000 loss 0.2829 lr 1.50e-05 90s (1.19s/step)
step 100/60000 loss 0.1694 lr 2.00e-05 117s (1.17s/step)
step 125/60000 loss 0.1288 lr 2.50e-05 145s (1.16s/step)
step 150/60000 loss 0.1163 lr 3.00e-05 173s (1.15s/step)
step 175/60000 loss 0.1158 lr 3.50e-05 201s (1.15s/step)
step 200/60000 loss 0.0911 lr 4.00e-05 229s (1.14s/step)
step 225/60000 loss 0.0891 lr 4.50e-05 256s (1.14s/step)
step 250/60000 loss 0.1024 lr 5.00e-05 284s (1.14s/step)
step 275/60000 loss 0.0737 lr 5.50e-05 312s (1.13s/step)
step 300/60000 loss 0.0695 lr 6.00e-05 340s (1.13s/step)
step 325/60000 loss 0.0729 lr 6.50e-05 368s (1.13s/step)
step 350/60000 loss 0.0607 lr 7.00e-05 395s (1.13s/step)
step 375/60000 loss 0.0579 lr 7.50e-05 423s (1.13s/step)
step 400/60000 loss 0.0637 lr 8.00e-05 451s (1.13s/step)
step 425/60000 loss 0.0722 lr 8.50e-05 479s (1.13s/step)
step 450/60000 loss 0.0651 lr 9.00e-05 507s (1.13s/step)
step 475/60000 loss 0.0593 lr 9.50e-05 534s (1.12s/step)
step 500/60000 loss 0.0577 lr 1.00e-04 562s (1.12s/step)
step 525/60000 loss 0.0600 lr 1.00e-04 590s (1.12s/step)
step 550/60000 loss 0.0472 lr 1.00e-04 618s (1.12s/step)
step 575/60000 loss 0.0600 lr 1.00e-04 645s (1.12s/step)
step 600/60000 loss 0.0602 lr 1.00e-04 673s (1.12s/step)
step 625/60000 loss 0.0487 lr 1.00e-04 701s (1.12s/step)
step 650/60000 loss 0.0575 lr 1.00e-04 729s (1.12s/step)
step 675/60000 loss 0.0661 lr 1.00e-04 757s (1.12s/step)
step 700/60000 loss 0.0457 lr 1.00e-04 784s (1.12s/step)
step 725/60000 loss 0.0513 lr 1.00e-04 812s (1.12s/step)
step 750/60000 loss 0.0510 lr 1.00e-04 840s (1.12s/step)
step 775/60000 loss 0.0432 lr 1.00e-04 868s (1.12s/step)
step 800/60000 loss 0.0436 lr 1.00e-04 896s (1.12s/step)
step 825/60000 loss 0.0475 lr 1.00e-04 923s (1.12s/step)
step 850/60000 loss 0.0464 lr 1.00e-04 951s (1.12s/step)
step 875/60000 loss 0.0492 lr 1.00e-04 979s (1.12s/step)
step 900/60000 loss 0.0579 lr 1.00e-04 1007s (1.12s/step)
step 925/60000 loss 0.0575 lr 1.00e-04 1035s (1.12s/step)
step 950/60000 loss 0.0417 lr 1.00e-04 1062s (1.12s/step)
step 975/60000 loss 0.0531 lr 1.00e-04 1090s (1.12s/step)
step 1000/60000 loss 0.0530 lr 1.00e-04 1118s (1.12s/step)
step 1025/60000 loss 0.0453 lr 1.00e-04 1146s (1.12s/step)
step 1050/60000 loss 0.0454 lr 1.00e-04 1174s (1.12s/step)
step 1075/60000 loss 0.0479 lr 1.00e-04 1201s (1.12s/step)
step 1100/60000 loss 0.0454 lr 1.00e-04 1229s (1.12s/step)
step 1125/60000 loss 0.0418 lr 1.00e-04 1257s (1.12s/step)
step 1150/60000 loss 0.0387 lr 1.00e-04 1285s (1.12s/step)
step 1175/60000 loss 0.0416 lr 1.00e-04 1313s (1.12s/step)
step 1200/60000 loss 0.0445 lr 1.00e-04 1340s (1.12s/step)
step 1225/60000 loss 0.0428 lr 1.00e-04 1368s (1.12s/step)
step 1250/60000 loss 0.0460 lr 1.00e-04 1396s (1.12s/step)
step 1275/60000 loss 0.0453 lr 1.00e-04 1424s (1.12s/step)
step 1300/60000 loss 0.0538 lr 1.00e-04 1451s (1.12s/step)
step 1325/60000 loss 0.0404 lr 1.00e-04 1479s (1.12s/step)
step 1350/60000 loss 0.0382 lr 9.99e-05 1507s (1.12s/step)
step 1375/60000 loss 0.0383 lr 9.99e-05 1535s (1.12s/step)
step 1400/60000 loss 0.0430 lr 9.99e-05 1563s (1.12s/step)
step 1425/60000 loss 0.0372 lr 9.99e-05 1590s (1.12s/step)
step 1450/60000 loss 0.0379 lr 9.99e-05 1618s (1.12s/step)
step 1475/60000 loss 0.0551 lr 9.99e-05 1646s (1.12s/step)
step 1500/60000 loss 0.0416 lr 9.99e-05 1674s (1.12s/step)
step 1525/60000 loss 0.0402 lr 9.99e-05 1702s (1.12s/step)
step 1550/60000 loss 0.0446 lr 9.99e-05 1729s (1.12s/step)
step 1575/60000 loss 0.0373 lr 9.99e-05 1757s (1.12s/step)
step 1600/60000 loss 0.0428 lr 9.99e-05 1785s (1.12s/step)
step 1625/60000 loss 0.0483 lr 9.99e-05 1813s (1.12s/step)
step 1650/60000 loss 0.0352 lr 9.99e-05 1840s (1.12s/step)
step 1675/60000 loss 0.0520 lr 9.99e-05 1868s (1.12s/step)
step 1700/60000 loss 0.0395 lr 9.99e-05 1896s (1.12s/step)
step 1725/60000 loss 0.0404 lr 9.99e-05 1924s (1.12s/step)
step 1750/60000 loss 0.0398 lr 9.99e-05 1952s (1.12s/step)
step 1775/60000 loss 0.0336 lr 9.99e-05 1979s (1.12s/step)
step 1800/60000 loss 0.0412 lr 9.99e-05 2007s (1.12s/step)
step 1825/60000 loss 0.0450 lr 9.99e-05 2035s (1.12s/step)
step 1850/60000 loss 0.0384 lr 9.99e-05 2063s (1.11s/step)
step 1875/60000 loss 0.0458 lr 9.99e-05 2091s (1.11s/step)
step 1900/60000 loss 0.0385 lr 9.99e-05 2118s (1.11s/step)
step 1925/60000 loss 0.0396 lr 9.99e-05 2146s (1.11s/step)
step 1950/60000 loss 0.0442 lr 9.99e-05 2174s (1.11s/step)
step 1975/60000 loss 0.0356 lr 9.98e-05 2202s (1.11s/step)
step 2000/60000 loss 0.0398 lr 9.98e-05 2230s (1.11s/step)
step 2025/60000 loss 0.0442 lr 9.98e-05 2264s (1.12s/step)
step 2050/60000 loss 0.0492 lr 9.98e-05 2292s (1.12s/step)
step 2075/60000 loss 0.0402 lr 9.98e-05 2319s (1.12s/step)
step 2100/60000 loss 0.0484 lr 9.98e-05 2347s (1.12s/step)
step 2125/60000 loss 0.0442 lr 9.98e-05 2375s (1.12s/step)
step 2150/60000 loss 0.0421 lr 9.98e-05 2403s (1.12s/step)
step 2175/60000 loss 0.0371 lr 9.98e-05 2431s (1.12s/step)
step 2200/60000 loss 0.0395 lr 9.98e-05 2458s (1.12s/step)
step 2225/60000 loss 0.0361 lr 9.98e-05 2486s (1.12s/step)
step 2250/60000 loss 0.0378 lr 9.98e-05 2514s (1.12s/step)
step 2275/60000 loss 0.0365 lr 9.98e-05 2542s (1.12s/step)
step 2300/60000 loss 0.0466 lr 9.98e-05 2570s (1.12s/step)
step 2325/60000 loss 0.0370 lr 9.98e-05 2598s (1.12s/step)
step 2350/60000 loss 0.0410 lr 9.98e-05 2625s (1.12s/step)
step 2375/60000 loss 0.0552 lr 9.98e-05 2653s (1.12s/step)
step 2400/60000 loss 0.0372 lr 9.97e-05 2681s (1.12s/step)
step 2425/60000 loss 0.0417 lr 9.97e-05 2709s (1.12s/step)
step 2450/60000 loss 0.0369 lr 9.97e-05 2737s (1.12s/step)
step 2475/60000 loss 0.0411 lr 9.97e-05 2764s (1.12s/step)
step 2500/60000 loss 0.0401 lr 9.97e-05 2792s (1.12s/step)
step 2525/60000 loss 0.0429 lr 9.97e-05 2820s (1.12s/step)
step 2550/60000 loss 0.0385 lr 9.97e-05 2848s (1.12s/step)
step 2575/60000 loss 0.0356 lr 9.97e-05 2876s (1.12s/step)
step 2600/60000 loss 0.0369 lr 9.97e-05 2903s (1.12s/step)
step 2625/60000 loss 0.0399 lr 9.97e-05 2931s (1.12s/step)
step 2650/60000 loss 0.0372 lr 9.97e-05 2959s (1.12s/step)
step 2675/60000 loss 0.0362 lr 9.97e-05 2987s (1.12s/step)
step 2700/60000 loss 0.0359 lr 9.97e-05 3015s (1.12s/step)
step 2725/60000 loss 0.0506 lr 9.97e-05 3043s (1.12s/step)
step 2750/60000 loss 0.0423 lr 9.96e-05 3070s (1.12s/step)
step 2775/60000 loss 0.0391 lr 9.96e-05 3098s (1.12s/step)
step 2800/60000 loss 0.0422 lr 9.96e-05 3126s (1.12s/step)
step 2825/60000 loss 0.0366 lr 9.96e-05 3154s (1.12s/step)
step 2850/60000 loss 0.0396 lr 9.96e-05 3182s (1.12s/step)
step 2875/60000 loss 0.0360 lr 9.96e-05 3209s (1.12s/step)
step 2900/60000 loss 0.0387 lr 9.96e-05 3237s (1.12s/step)
step 2925/60000 loss 0.0327 lr 9.96e-05 3265s (1.12s/step)
step 2950/60000 loss 0.0328 lr 9.96e-05 3293s (1.12s/step)
step 2975/60000 loss 0.0359 lr 9.96e-05 3321s (1.12s/step)
step 3000/60000 loss 0.0385 lr 9.96e-05 3348s (1.12s/step)
step 3025/60000 loss 0.0388 lr 9.96e-05 3376s (1.12s/step)
step 3050/60000 loss 0.0414 lr 9.95e-05 3404s (1.12s/step)
step 3075/60000 loss 0.0334 lr 9.95e-05 3432s (1.12s/step)
step 3100/60000 loss 0.0294 lr 9.95e-05 3460s (1.12s/step)
step 3125/60000 loss 0.0323 lr 9.95e-05 3488s (1.12s/step)
step 3150/60000 loss 0.0301 lr 9.95e-05 3515s (1.12s/step)
step 3175/60000 loss 0.0366 lr 9.95e-05 3543s (1.12s/step)
step 3200/60000 loss 0.0494 lr 9.95e-05 3571s (1.12s/step)
step 3225/60000 loss 0.0364 lr 9.95e-05 3599s (1.12s/step)
step 3250/60000 loss 0.0361 lr 9.95e-05 3627s (1.12s/step)
step 3275/60000 loss 0.0343 lr 9.95e-05 3654s (1.12s/step)
step 3300/60000 loss 0.0353 lr 9.95e-05 3682s (1.12s/step)
step 3325/60000 loss 0.0455 lr 9.94e-05 3710s (1.12s/step)
step 3350/60000 loss 0.0492 lr 9.94e-05 3738s (1.12s/step)
step 3375/60000 loss 0.0434 lr 9.94e-05 3766s (1.12s/step)
step 3400/60000 loss 0.0449 lr 9.94e-05 3794s (1.12s/step)
step 3425/60000 loss 0.0369 lr 9.94e-05 3821s (1.12s/step)
step 3450/60000 loss 0.0387 lr 9.94e-05 3849s (1.12s/step)
step 3475/60000 loss 0.0382 lr 9.94e-05 3877s (1.12s/step)
step 3500/60000 loss 0.0335 lr 9.94e-05 3905s (1.12s/step)
step 3525/60000 loss 0.0405 lr 9.94e-05 3933s (1.12s/step)
step 3550/60000 loss 0.0382 lr 9.94e-05 3960s (1.12s/step)
step 3575/60000 loss 0.0398 lr 9.93e-05 3988s (1.12s/step)
step 3600/60000 loss 0.0335 lr 9.93e-05 4016s (1.12s/step)
step 3625/60000 loss 0.0462 lr 9.93e-05 4044s (1.12s/step)
step 3650/60000 loss 0.0325 lr 9.93e-05 4072s (1.12s/step)
step 3675/60000 loss 0.0353 lr 9.93e-05 4100s (1.12s/step)
step 3700/60000 loss 0.0475 lr 9.93e-05 4127s (1.12s/step)
step 3725/60000 loss 0.0299 lr 9.93e-05 4155s (1.12s/step)
step 3750/60000 loss 0.0378 lr 9.93e-05 4183s (1.12s/step)
step 3775/60000 loss 0.0395 lr 9.93e-05 4211s (1.12s/step)
step 3800/60000 loss 0.0370 lr 9.92e-05 4239s (1.12s/step)
step 3825/60000 loss 0.0354 lr 9.92e-05 4266s (1.12s/step)
step 3850/60000 loss 0.0362 lr 9.92e-05 4294s (1.12s/step)
step 3875/60000 loss 0.0371 lr 9.92e-05 4322s (1.12s/step)
step 3900/60000 loss 0.0361 lr 9.92e-05 4350s (1.12s/step)
step 3925/60000 loss 0.0325 lr 9.92e-05 4378s (1.12s/step)
step 3950/60000 loss 0.0446 lr 9.92e-05 4406s (1.12s/step)
step 3975/60000 loss 0.0329 lr 9.92e-05 4433s (1.12s/step)
step 4000/60000 loss 0.0276 lr 9.91e-05 4461s (1.12s/step)
step 4025/60000 loss 0.0399 lr 9.91e-05 4495s (1.12s/step)
step 4050/60000 loss 0.0318 lr 9.91e-05 4523s (1.12s/step)
step 4075/60000 loss 0.0363 lr 9.91e-05 4551s (1.12s/step)
step 4100/60000 loss 0.0457 lr 9.91e-05 4579s (1.12s/step)
step 4125/60000 loss 0.0355 lr 9.91e-05 4607s (1.12s/step)
step 4150/60000 loss 0.0342 lr 9.91e-05 4634s (1.12s/step)
step 4175/60000 loss 0.0399 lr 9.91e-05 4662s (1.12s/step)
step 4200/60000 loss 0.0418 lr 9.90e-05 4690s (1.12s/step)
step 4225/60000 loss 0.0406 lr 9.90e-05 4718s (1.12s/step)
step 4250/60000 loss 0.0429 lr 9.90e-05 4746s (1.12s/step)
step 4275/60000 loss 0.0385 lr 9.90e-05 4773s (1.12s/step)
step 4300/60000 loss 0.0408 lr 9.90e-05 4801s (1.12s/step)
step 4325/60000 loss 0.0424 lr 9.90e-05 4829s (1.12s/step)
step 4350/60000 loss 0.0334 lr 9.90e-05 4857s (1.12s/step)
step 4375/60000 loss 0.0383 lr 9.90e-05 4885s (1.12s/step)
step 4400/60000 loss 0.0400 lr 9.89e-05 4913s (1.12s/step)
step 4425/60000 loss 0.0401 lr 9.89e-05 4940s (1.12s/step)
step 4450/60000 loss 0.0507 lr 9.89e-05 4968s (1.12s/step)
step 4475/60000 loss 0.0400 lr 9.89e-05 4996s (1.12s/step)
step 4500/60000 loss 0.0400 lr 9.89e-05 5024s (1.12s/step)
step 4525/60000 loss 0.0325 lr 9.89e-05 5052s (1.12s/step)
step 4550/60000 loss 0.0417 lr 9.89e-05 5079s (1.12s/step)
step 4575/60000 loss 0.0403 lr 9.88e-05 5107s (1.12s/step)
step 4600/60000 loss 0.0339 lr 9.88e-05 5135s (1.12s/step)
step 4625/60000 loss 0.0307 lr 9.88e-05 5163s (1.12s/step)
step 4650/60000 loss 0.0321 lr 9.88e-05 5191s (1.12s/step)
step 4675/60000 loss 0.0373 lr 9.88e-05 5218s (1.12s/step)
step 4700/60000 loss 0.0489 lr 9.88e-05 5246s (1.12s/step)
step 4725/60000 loss 0.0343 lr 9.88e-05 5274s (1.12s/step)
step 4750/60000 loss 0.0319 lr 9.87e-05 5302s (1.12s/step)
step 4775/60000 loss 0.0430 lr 9.87e-05 5330s (1.12s/step)
step 4800/60000 loss 0.0372 lr 9.87e-05 5357s (1.12s/step)
step 4825/60000 loss 0.0416 lr 9.87e-05 5385s (1.12s/step)
step 4850/60000 loss 0.0334 lr 9.87e-05 5413s (1.12s/step)
step 4875/60000 loss 0.0320 lr 9.87e-05 5441s (1.12s/step)
step 4900/60000 loss 0.0278 lr 9.87e-05 5469s (1.12s/step)
step 4925/60000 loss 0.0348 lr 9.86e-05 5496s (1.12s/step)
step 4950/60000 loss 0.0340 lr 9.86e-05 5524s (1.12s/step)
step 4975/60000 loss 0.0357 lr 9.86e-05 5552s (1.12s/step)
step 5000/60000 loss 0.0385 lr 9.86e-05 5580s (1.12s/step)
step 5025/60000 loss 0.0347 lr 9.86e-05 5608s (1.12s/step)
step 5050/60000 loss 0.0397 lr 9.86e-05 5635s (1.12s/step)
step 5075/60000 loss 0.0395 lr 9.85e-05 5663s (1.12s/step)
step 5100/60000 loss 0.0345 lr 9.85e-05 5691s (1.12s/step)
step 5125/60000 loss 0.0340 lr 9.85e-05 5719s (1.12s/step)
step 5150/60000 loss 0.0387 lr 9.85e-05 5747s (1.12s/step)
step 5175/60000 loss 0.0354 lr 9.85e-05 5774s (1.12s/step)
step 5200/60000 loss 0.0376 lr 9.85e-05 5802s (1.12s/step)
step 5225/60000 loss 0.0416 lr 9.85e-05 5830s (1.12s/step)
step 5250/60000 loss 0.0376 lr 9.84e-05 5858s (1.12s/step)
step 5275/60000 loss 0.0348 lr 9.84e-05 5886s (1.12s/step)
step 5300/60000 loss 0.0443 lr 9.84e-05 5914s (1.12s/step)
step 5325/60000 loss 0.0365 lr 9.84e-05 5941s (1.12s/step)
step 5350/60000 loss 0.0409 lr 9.84e-05 5969s (1.12s/step)
step 5375/60000 loss 0.0395 lr 9.84e-05 5997s (1.12s/step)
step 5400/60000 loss 0.0384 lr 9.83e-05 6025s (1.12s/step)
step 5425/60000 loss 0.0346 lr 9.83e-05 6053s (1.12s/step)
step 5450/60000 loss 0.0350 lr 9.83e-05 6080s (1.12s/step)
step 5475/60000 loss 0.0355 lr 9.83e-05 6108s (1.12s/step)
step 5500/60000 loss 0.0342 lr 9.83e-05 6136s (1.12s/step)
step 5525/60000 loss 0.0367 lr 9.83e-05 6164s (1.12s/step)
step 5550/60000 loss 0.0464 lr 9.82e-05 6192s (1.12s/step)
step 5575/60000 loss 0.0379 lr 9.82e-05 6219s (1.12s/step)
step 5600/60000 loss 0.0350 lr 9.82e-05 6247s (1.12s/step)
step 5625/60000 loss 0.0354 lr 9.82e-05 6275s (1.12s/step)
step 5650/60000 loss 0.0366 lr 9.82e-05 6303s (1.12s/step)
step 5675/60000 loss 0.0379 lr 9.81e-05 6331s (1.12s/step)
step 5700/60000 loss 0.0304 lr 9.81e-05 6358s (1.12s/step)
step 5725/60000 loss 0.0403 lr 9.81e-05 6386s (1.12s/step)
step 5750/60000 loss 0.0283 lr 9.81e-05 6414s (1.12s/step)
step 5775/60000 loss 0.0317 lr 9.81e-05 6442s (1.12s/step)
step 5800/60000 loss 0.0318 lr 9.81e-05 6470s (1.12s/step)
step 5825/60000 loss 0.0399 lr 9.80e-05 6497s (1.12s/step)
step 5850/60000 loss 0.0344 lr 9.80e-05 6525s (1.12s/step)
step 5875/60000 loss 0.0364 lr 9.80e-05 6553s (1.12s/step)
step 5900/60000 loss 0.0371 lr 9.80e-05 6581s (1.12s/step)
step 5925/60000 loss 0.0356 lr 9.80e-05 6609s (1.12s/step)
step 5950/60000 loss 0.0422 lr 9.79e-05 6636s (1.12s/step)
step 5975/60000 loss 0.0335 lr 9.79e-05 6664s (1.12s/step)
step 6000/60000 loss 0.0333 lr 9.79e-05 6692s (1.12s/step)
step 6025/60000 loss 0.0419 lr 9.79e-05 6726s (1.12s/step)
step 6050/60000 loss 0.0366 lr 9.79e-05 6754s (1.12s/step)
step 6075/60000 loss 0.0385 lr 9.78e-05 6782s (1.12s/step)
step 6100/60000 loss 0.0373 lr 9.78e-05 6809s (1.12s/step)
step 6125/60000 loss 0.0351 lr 9.78e-05 6837s (1.12s/step)
step 6150/60000 loss 0.0328 lr 9.78e-05 6865s (1.12s/step)
step 6175/60000 loss 0.0339 lr 9.78e-05 6893s (1.12s/step)
step 6200/60000 loss 0.0329 lr 9.78e-05 6921s (1.12s/step)
step 6225/60000 loss 0.0416 lr 9.77e-05 6949s (1.12s/step)
step 6250/60000 loss 0.0350 lr 9.77e-05 6976s (1.12s/step)
step 6275/60000 loss 0.0432 lr 9.77e-05 7004s (1.12s/step)
step 6300/60000 loss 0.0298 lr 9.77e-05 7032s (1.12s/step)
step 6325/60000 loss 0.0417 lr 9.77e-05 7060s (1.12s/step)
step 6350/60000 loss 0.0385 lr 9.76e-05 7088s (1.12s/step)
step 6375/60000 loss 0.0443 lr 9.76e-05 7115s (1.12s/step)
step 6400/60000 loss 0.0367 lr 9.76e-05 7143s (1.12s/step)
step 6425/60000 loss 0.0364 lr 9.76e-05 7171s (1.12s/step)
step 6450/60000 loss 0.0371 lr 9.76e-05 7199s (1.12s/step)
step 6475/60000 loss 0.0359 lr 9.75e-05 7227s (1.12s/step)
step 6500/60000 loss 0.0395 lr 9.75e-05 7254s (1.12s/step)
step 6525/60000 loss 0.0272 lr 9.75e-05 7282s (1.12s/step)
step 6550/60000 loss 0.0323 lr 9.75e-05 7310s (1.12s/step)
step 6575/60000 loss 0.0366 lr 9.74e-05 7338s (1.12s/step)
step 6600/60000 loss 0.0470 lr 9.74e-05 7366s (1.12s/step)
step 6625/60000 loss 0.0277 lr 9.74e-05 7394s (1.12s/step)
step 6650/60000 loss 0.0403 lr 9.74e-05 7421s (1.12s/step)
step 6675/60000 loss 0.0339 lr 9.74e-05 7449s (1.12s/step)
step 6700/60000 loss 0.0383 lr 9.73e-05 7477s (1.12s/step)
step 6725/60000 loss 0.0383 lr 9.73e-05 7505s (1.12s/step)
step 6750/60000 loss 0.0379 lr 9.73e-05 7533s (1.12s/step)
step 6775/60000 loss 0.0378 lr 9.73e-05 7560s (1.12s/step)
step 6800/60000 loss 0.0360 lr 9.73e-05 7588s (1.12s/step)
step 6825/60000 loss 0.0311 lr 9.72e-05 7616s (1.12s/step)
step 6850/60000 loss 0.0336 lr 9.72e-05 7644s (1.12s/step)
step 6875/60000 loss 0.0338 lr 9.72e-05 7672s (1.12s/step)
step 6900/60000 loss 0.0336 lr 9.72e-05 7700s (1.12s/step)
step 6925/60000 loss 0.0399 lr 9.72e-05 7727s (1.12s/step)
step 6950/60000 loss 0.0307 lr 9.71e-05 7755s (1.12s/step)
step 6975/60000 loss 0.0312 lr 9.71e-05 7783s (1.12s/step)
step 7000/60000 loss 0.0328 lr 9.71e-05 7811s (1.12s/step)
step 7025/60000 loss 0.0355 lr 9.71e-05 7839s (1.12s/step)
step 7050/60000 loss 0.0354 lr 9.70e-05 7866s (1.12s/step)
step 7075/60000 loss 0.0399 lr 9.70e-05 7894s (1.12s/step)
step 7100/60000 loss 0.0357 lr 9.70e-05 7922s (1.12s/step)
step 7125/60000 loss 0.0430 lr 9.70e-05 7950s (1.12s/step)
step 7150/60000 loss 0.0410 lr 9.69e-05 7978s (1.12s/step)
step 7175/60000 loss 0.0309 lr 9.69e-05 8006s (1.12s/step)
step 7200/60000 loss 0.0375 lr 9.69e-05 8033s (1.12s/step)
step 7225/60000 loss 0.0342 lr 9.69e-05 8061s (1.12s/step)
step 7250/60000 loss 0.0340 lr 9.69e-05 8089s (1.12s/step)
step 7275/60000 loss 0.0414 lr 9.68e-05 8117s (1.12s/step)
step 7300/60000 loss 0.0288 lr 9.68e-05 8145s (1.12s/step)
step 7325/60000 loss 0.0420 lr 9.68e-05 8172s (1.12s/step)
step 7350/60000 loss 0.0303 lr 9.68e-05 8200s (1.12s/step)
step 7375/60000 loss 0.0411 lr 9.67e-05 8228s (1.12s/step)
step 7400/60000 loss 0.0401 lr 9.67e-05 8256s (1.12s/step)
step 7425/60000 loss 0.0363 lr 9.67e-05 8284s (1.12s/step)
step 7450/60000 loss 0.0341 lr 9.67e-05 8312s (1.12s/step)
step 7475/60000 loss 0.0322 lr 9.66e-05 8339s (1.12s/step)
step 7500/60000 loss 0.0384 lr 9.66e-05 8367s (1.12s/step)
step 7525/60000 loss 0.0325 lr 9.66e-05 8395s (1.12s/step)
step 7550/60000 loss 0.0343 lr 9.66e-05 8423s (1.12s/step)
step 7575/60000 loss 0.0373 lr 9.66e-05 8451s (1.12s/step)
step 7600/60000 loss 0.0342 lr 9.65e-05 8478s (1.12s/step)
step 7625/60000 loss 0.0320 lr 9.65e-05 8506s (1.12s/step)
step 7650/60000 loss 0.0396 lr 9.65e-05 8534s (1.12s/step)
step 7675/60000 loss 0.0334 lr 9.65e-05 8562s (1.12s/step)
step 7700/60000 loss 0.0445 lr 9.64e-05 8590s (1.12s/step)
step 7725/60000 loss 0.0370 lr 9.64e-05 8618s (1.12s/step)
step 7750/60000 loss 0.0331 lr 9.64e-05 8645s (1.12s/step)
step 7775/60000 loss 0.0355 lr 9.64e-05 8673s (1.12s/step)
step 7800/60000 loss 0.0367 lr 9.63e-05 8701s (1.12s/step)
step 7825/60000 loss 0.0324 lr 9.63e-05 8729s (1.12s/step)
step 7850/60000 loss 0.0334 lr 9.63e-05 8757s (1.12s/step)
step 7875/60000 loss 0.0266 lr 9.63e-05 8784s (1.12s/step)
step 7900/60000 loss 0.0350 lr 9.62e-05 8812s (1.12s/step)
step 7925/60000 loss 0.0306 lr 9.62e-05 8840s (1.12s/step)
step 7950/60000 loss 0.0334 lr 9.62e-05 8868s (1.12s/step)
step 7975/60000 loss 0.0318 lr 9.62e-05 8896s (1.12s/step)
step 8000/60000 loss 0.0317 lr 9.61e-05 8924s (1.12s/step)
step 8025/60000 loss 0.0349 lr 9.61e-05 8958s (1.12s/step)
step 8050/60000 loss 0.0395 lr 9.61e-05 8986s (1.12s/step)
step 8075/60000 loss 0.0351 lr 9.61e-05 9013s (1.12s/step)
step 8100/60000 loss 0.0316 lr 9.60e-05 9041s (1.12s/step)
step 8125/60000 loss 0.0383 lr 9.60e-05 9069s (1.12s/step)
step 8150/60000 loss 0.0359 lr 9.60e-05 9097s (1.12s/step)
step 8175/60000 loss 0.0371 lr 9.60e-05 9125s (1.12s/step)
step 8200/60000 loss 0.0401 lr 9.59e-05 9152s (1.12s/step)
step 8225/60000 loss 0.0322 lr 9.59e-05 9180s (1.12s/step)
step 8250/60000 loss 0.0331 lr 9.59e-05 9208s (1.12s/step)
step 8275/60000 loss 0.0266 lr 9.58e-05 9236s (1.12s/step)
step 8300/60000 loss 0.0334 lr 9.58e-05 9264s (1.12s/step)
step 8325/60000 loss 0.0313 lr 9.58e-05 9292s (1.12s/step)
step 8350/60000 loss 0.0367 lr 9.58e-05 9319s (1.12s/step)
step 8375/60000 loss 0.0348 lr 9.57e-05 9347s (1.12s/step)
step 8400/60000 loss 0.0297 lr 9.57e-05 9375s (1.12s/step)
step 8425/60000 loss 0.0294 lr 9.57e-05 9403s (1.12s/step)
step 8450/60000 loss 0.0347 lr 9.57e-05 9431s (1.12s/step)
step 8475/60000 loss 0.0359 lr 9.56e-05 9458s (1.12s/step)
step 8500/60000 loss 0.0287 lr 9.56e-05 9486s (1.12s/step)
step 8525/60000 loss 0.0321 lr 9.56e-05 9514s (1.12s/step)
step 8550/60000 loss 0.0392 lr 9.56e-05 9542s (1.12s/step)
step 8575/60000 loss 0.0396 lr 9.55e-05 9570s (1.12s/step)
step 8600/60000 loss 0.0457 lr 9.55e-05 9597s (1.12s/step)
step 8625/60000 loss 0.0385 lr 9.55e-05 9625s (1.12s/step)
step 8650/60000 loss 0.0333 lr 9.54e-05 9653s (1.12s/step)
step 8675/60000 loss 0.0304 lr 9.54e-05 9681s (1.12s/step)
step 8700/60000 loss 0.0383 lr 9.54e-05 9709s (1.12s/step)
step 8725/60000 loss 0.0345 lr 9.54e-05 9737s (1.12s/step)
step 8750/60000 loss 0.0317 lr 9.53e-05 9764s (1.12s/step)
step 8775/60000 loss 0.0384 lr 9.53e-05 9792s (1.12s/step)
step 8800/60000 loss 0.0334 lr 9.53e-05 9820s (1.12s/step)
step 8825/60000 loss 0.0380 lr 9.52e-05 9848s (1.12s/step)
step 8850/60000 loss 0.0411 lr 9.52e-05 9876s (1.12s/step)
step 8875/60000 loss 0.0465 lr 9.52e-05 9903s (1.12s/step)
step 8900/60000 loss 0.0360 lr 9.52e-05 9931s (1.12s/step)
step 8925/60000 loss 0.0312 lr 9.51e-05 9959s (1.12s/step)
step 8950/60000 loss 0.0302 lr 9.51e-05 9987s (1.12s/step)
step 8975/60000 loss 0.0356 lr 9.51e-05 10015s (1.12s/step)
step 9000/60000 loss 0.0374 lr 9.50e-05 10043s (1.12s/step)
step 9025/60000 loss 0.0428 lr 9.50e-05 10070s (1.12s/step)
step 9050/60000 loss 0.0307 lr 9.50e-05 10098s (1.12s/step)
step 9075/60000 loss 0.0393 lr 9.50e-05 10126s (1.12s/step)
step 9100/60000 loss 0.0369 lr 9.49e-05 10154s (1.12s/step)
step 9125/60000 loss 0.0405 lr 9.49e-05 10182s (1.12s/step)
step 9150/60000 loss 0.0403 lr 9.49e-05 10209s (1.12s/step)
step 9175/60000 loss 0.0287 lr 9.48e-05 10237s (1.12s/step)
step 9200/60000 loss 0.0341 lr 9.48e-05 10265s (1.12s/step)
step 9225/60000 loss 0.0378 lr 9.48e-05 10293s (1.12s/step)
step 9250/60000 loss 0.0370 lr 9.48e-05 10321s (1.12s/step)
step 9275/60000 loss 0.0460 lr 9.47e-05 10348s (1.12s/step)
step 9300/60000 loss 0.0330 lr 9.47e-05 10376s (1.12s/step)
step 9325/60000 loss 0.0365 lr 9.47e-05 10404s (1.12s/step)
step 9350/60000 loss 0.0363 lr 9.46e-05 10432s (1.12s/step)
step 9375/60000 loss 0.0398 lr 9.46e-05 10460s (1.12s/step)
step 9400/60000 loss 0.0298 lr 9.46e-05 10487s (1.12s/step)
step 9425/60000 loss 0.0346 lr 9.46e-05 10515s (1.12s/step)
step 9450/60000 loss 0.0354 lr 9.45e-05 10543s (1.12s/step)
step 9475/60000 loss 0.0334 lr 9.45e-05 10571s (1.12s/step)
step 9500/60000 loss 0.0324 lr 9.45e-05 10599s (1.12s/step)
step 9525/60000 loss 0.0388 lr 9.44e-05 10626s (1.12s/step)
step 9550/60000 loss 0.0403 lr 9.44e-05 10654s (1.12s/step)
step 9575/60000 loss 0.0377 lr 9.44e-05 10682s (1.12s/step)
step 9600/60000 loss 0.0362 lr 9.43e-05 10710s (1.12s/step)
step 9625/60000 loss 0.0262 lr 9.43e-05 10738s (1.12s/step)
step 9650/60000 loss 0.0365 lr 9.43e-05 10766s (1.12s/step)
step 9675/60000 loss 0.0334 lr 9.42e-05 10793s (1.12s/step)
step 9700/60000 loss 0.0310 lr 9.42e-05 10821s (1.12s/step)
step 9725/60000 loss 0.0366 lr 9.42e-05 10849s (1.12s/step)
step 9750/60000 loss 0.0315 lr 9.42e-05 10877s (1.12s/step)
step 9775/60000 loss 0.0393 lr 9.41e-05 10905s (1.12s/step)
step 9800/60000 loss 0.0388 lr 9.41e-05 10932s (1.12s/step)
step 9825/60000 loss 0.0315 lr 9.41e-05 10960s (1.12s/step)
step 9850/60000 loss 0.0441 lr 9.40e-05 10988s (1.12s/step)
step 9875/60000 loss 0.0375 lr 9.40e-05 11016s (1.12s/step)
step 9900/60000 loss 0.0329 lr 9.40e-05 11044s (1.12s/step)
step 9925/60000 loss 0.0406 lr 9.39e-05 11071s (1.12s/step)
step 9950/60000 loss 0.0392 lr 9.39e-05 11099s (1.12s/step)
step 9975/60000 loss 0.0307 lr 9.39e-05 11127s (1.12s/step)
step 10000/60000 loss 0.0319 lr 9.38e-05 11155s (1.12s/step)
step 10025/60000 loss 0.0307 lr 9.38e-05 11189s (1.12s/step)
step 10050/60000 loss 0.0336 lr 9.38e-05 11217s (1.12s/step)
step 10075/60000 loss 0.0350 lr 9.37e-05 11245s (1.12s/step)
step 10100/60000 loss 0.0283 lr 9.37e-05 11272s (1.12s/step)
step 10125/60000 loss 0.0334 lr 9.37e-05 11300s (1.12s/step)
step 10150/60000 loss 0.0348 lr 9.36e-05 11328s (1.12s/step)
step 10175/60000 loss 0.0304 lr 9.36e-05 11356s (1.12s/step)
step 10200/60000 loss 0.0389 lr 9.36e-05 11384s (1.12s/step)
step 10225/60000 loss 0.0312 lr 9.36e-05 11411s (1.12s/step)
step 10250/60000 loss 0.0293 lr 9.35e-05 11439s (1.12s/step)
step 10275/60000 loss 0.0320 lr 9.35e-05 11467s (1.12s/step)
step 10300/60000 loss 0.0292 lr 9.35e-05 11495s (1.12s/step)
step 10325/60000 loss 0.0332 lr 9.34e-05 11523s (1.12s/step)
step 10350/60000 loss 0.0343 lr 9.34e-05 11550s (1.12s/step)
step 10375/60000 loss 0.0303 lr 9.34e-05 11578s (1.12s/step)
step 10400/60000 loss 0.0363 lr 9.33e-05 11606s (1.12s/step)
step 10425/60000 loss 0.0305 lr 9.33e-05 11634s (1.12s/step)
step 10450/60000 loss 0.0324 lr 9.33e-05 11662s (1.12s/step)
step 10475/60000 loss 0.0403 lr 9.32e-05 11690s (1.12s/step)
step 10500/60000 loss 0.0289 lr 9.32e-05 11717s (1.12s/step)
step 10525/60000 loss 0.0381 lr 9.32e-05 11745s (1.12s/step)
step 10550/60000 loss 0.0330 lr 9.31e-05 11773s (1.12s/step)
step 10575/60000 loss 0.0333 lr 9.31e-05 11801s (1.12s/step)
step 10600/60000 loss 0.0288 lr 9.31e-05 11829s (1.12s/step)
step 10625/60000 loss 0.0309 lr 9.30e-05 11856s (1.12s/step)
step 10650/60000 loss 0.0295 lr 9.30e-05 11884s (1.12s/step)
step 10675/60000 loss 0.0318 lr 9.30e-05 11912s (1.12s/step)
step 10700/60000 loss 0.0326 lr 9.29e-05 11940s (1.12s/step)
step 10725/60000 loss 0.0373 lr 9.29e-05 11968s (1.12s/step)
step 10750/60000 loss 0.0405 lr 9.29e-05 11996s (1.12s/step)
step 10775/60000 loss 0.0391 lr 9.28e-05 12023s (1.12s/step)
step 10800/60000 loss 0.0385 lr 9.28e-05 12051s (1.12s/step)
step 10825/60000 loss 0.0326 lr 9.28e-05 12079s (1.12s/step)
step 10850/60000 loss 0.0345 lr 9.27e-05 12107s (1.12s/step)
step 10875/60000 loss 0.0374 lr 9.27e-05 12135s (1.12s/step)
step 10900/60000 loss 0.0322 lr 9.26e-05 12162s (1.12s/step)
step 10925/60000 loss 0.0340 lr 9.26e-05 12190s (1.12s/step)
step 10950/60000 loss 0.0333 lr 9.26e-05 12218s (1.12s/step)
step 10975/60000 loss 0.0291 lr 9.25e-05 12246s (1.12s/step)
step 11000/60000 loss 0.0358 lr 9.25e-05 12274s (1.12s/step)
step 11025/60000 loss 0.0393 lr 9.25e-05 12302s (1.12s/step)
step 11050/60000 loss 0.0379 lr 9.24e-05 12329s (1.12s/step)
step 11075/60000 loss 0.0371 lr 9.24e-05 12357s (1.12s/step)
step 11100/60000 loss 0.0348 lr 9.24e-05 12385s (1.12s/step)
step 11125/60000 loss 0.0261 lr 9.23e-05 12413s (1.12s/step)
step 11150/60000 loss 0.0314 lr 9.23e-05 12441s (1.12s/step)
step 11175/60000 loss 0.0362 lr 9.23e-05 12468s (1.12s/step)
step 11200/60000 loss 0.0312 lr 9.22e-05 12496s (1.12s/step)
step 11225/60000 loss 0.0261 lr 9.22e-05 12524s (1.12s/step)
step 11250/60000 loss 0.0351 lr 9.22e-05 12552s (1.12s/step)
step 11275/60000 loss 0.0293 lr 9.21e-05 12580s (1.12s/step)
step 11300/60000 loss 0.0331 lr 9.21e-05 12607s (1.12s/step)
step 11325/60000 loss 0.0347 lr 9.21e-05 12635s (1.12s/step)
step 11350/60000 loss 0.0318 lr 9.20e-05 12663s (1.12s/step)
step 11375/60000 loss 0.0337 lr 9.20e-05 12691s (1.12s/step)
step 11400/60000 loss 0.0353 lr 9.19e-05 12719s (1.12s/step)
step 11425/60000 loss 0.0308 lr 9.19e-05 12746s (1.12s/step)
step 11450/60000 loss 0.0315 lr 9.19e-05 12774s (1.12s/step)
step 11475/60000 loss 0.0276 lr 9.18e-05 12802s (1.12s/step)
step 11500/60000 loss 0.0349 lr 9.18e-05 12830s (1.12s/step)
step 11525/60000 loss 0.0348 lr 9.18e-05 12858s (1.12s/step)
step 11550/60000 loss 0.0337 lr 9.17e-05 12886s (1.12s/step)
step 11575/60000 loss 0.0354 lr 9.17e-05 12913s (1.12s/step)
step 11600/60000 loss 0.0306 lr 9.17e-05 12941s (1.12s/step)
step 11625/60000 loss 0.0305 lr 9.16e-05 12969s (1.12s/step)
step 11650/60000 loss 0.0376 lr 9.16e-05 12997s (1.12s/step)
step 11675/60000 loss 0.0322 lr 9.15e-05 13025s (1.12s/step)
step 11700/60000 loss 0.0364 lr 9.15e-05 13052s (1.12s/step)
step 11725/60000 loss 0.0290 lr 9.15e-05 13080s (1.12s/step)
step 11750/60000 loss 0.0359 lr 9.14e-05 13108s (1.12s/step)
step 11775/60000 loss 0.0314 lr 9.14e-05 13136s (1.12s/step)
step 11800/60000 loss 0.0385 lr 9.14e-05 13164s (1.12s/step)
step 11825/60000 loss 0.0314 lr 9.13e-05 13191s (1.12s/step)
step 11850/60000 loss 0.0352 lr 9.13e-05 13219s (1.12s/step)
step 11875/60000 loss 0.0359 lr 9.12e-05 13247s (1.12s/step)
step 11900/60000 loss 0.0304 lr 9.12e-05 13275s (1.12s/step)
step 11925/60000 loss 0.0367 lr 9.12e-05 13303s (1.12s/step)
step 11950/60000 loss 0.0329 lr 9.11e-05 13330s (1.12s/step)
step 11975/60000 loss 0.0340 lr 9.11e-05 13358s (1.12s/step)
step 12000/60000 loss 0.0383 lr 9.11e-05 13386s (1.12s/step)
step 12025/60000 loss 0.0353 lr 9.10e-05 13420s (1.12s/step)
step 12050/60000 loss 0.0335 lr 9.10e-05 13448s (1.12s/step)
step 12075/60000 loss 0.0270 lr 9.09e-05 13476s (1.12s/step)
step 12100/60000 loss 0.0324 lr 9.09e-05 13504s (1.12s/step)
step 12125/60000 loss 0.0359 lr 9.09e-05 13531s (1.12s/step)
step 12150/60000 loss 0.0433 lr 9.08e-05 13559s (1.12s/step)
step 12175/60000 loss 0.0286 lr 9.08e-05 13587s (1.12s/step)
step 12200/60000 loss 0.0334 lr 9.08e-05 13615s (1.12s/step)
step 12225/60000 loss 0.0343 lr 9.07e-05 13643s (1.12s/step)
step 12250/60000 loss 0.0317 lr 9.07e-05 13670s (1.12s/step)
step 12275/60000 loss 0.0299 lr 9.06e-05 13698s (1.12s/step)
step 12300/60000 loss 0.0361 lr 9.06e-05 13726s (1.12s/step)
step 12325/60000 loss 0.0299 lr 9.06e-05 13754s (1.12s/step)
step 12350/60000 loss 0.0415 lr 9.05e-05 13782s (1.12s/step)
step 12375/60000 loss 0.0345 lr 9.05e-05 13810s (1.12s/step)
step 12400/60000 loss 0.0359 lr 9.05e-05 13837s (1.12s/step)
step 12425/60000 loss 0.0283 lr 9.04e-05 13865s (1.12s/step)
step 12450/60000 loss 0.0375 lr 9.04e-05 13893s (1.12s/step)
step 12475/60000 loss 0.0365 lr 9.03e-05 13921s (1.12s/step)
step 12500/60000 loss 0.0385 lr 9.03e-05 13949s (1.12s/step)
step 12525/60000 loss 0.0382 lr 9.03e-05 13976s (1.12s/step)
step 12550/60000 loss 0.0297 lr 9.02e-05 14004s (1.12s/step)
step 12575/60000 loss 0.0361 lr 9.02e-05 14032s (1.12s/step)
step 12600/60000 loss 0.0356 lr 9.01e-05 14060s (1.12s/step)
step 12625/60000 loss 0.0330 lr 9.01e-05 14088s (1.12s/step)
step 12650/60000 loss 0.0330 lr 9.01e-05 14115s (1.12s/step)
step 12675/60000 loss 0.0270 lr 9.00e-05 14143s (1.12s/step)
step 12700/60000 loss 0.0359 lr 9.00e-05 14171s (1.12s/step)
step 12725/60000 loss 0.0384 lr 8.99e-05 14199s (1.12s/step)
step 12750/60000 loss 0.0312 lr 8.99e-05 14227s (1.12s/step)
step 12775/60000 loss 0.0339 lr 8.99e-05 14254s (1.12s/step)
step 12800/60000 loss 0.0279 lr 8.98e-05 14282s (1.12s/step)
step 12825/60000 loss 0.0339 lr 8.98e-05 14310s (1.12s/step)
step 12850/60000 loss 0.0303 lr 8.97e-05 14338s (1.12s/step)
step 12875/60000 loss 0.0312 lr 8.97e-05 14366s (1.12s/step)
step 12900/60000 loss 0.0374 lr 8.97e-05 14394s (1.12s/step)
step 12925/60000 loss 0.0378 lr 8.96e-05 14421s (1.12s/step)
step 12950/60000 loss 0.0304 lr 8.96e-05 14449s (1.12s/step)
step 12975/60000 loss 0.0345 lr 8.95e-05 14477s (1.12s/step)
step 13000/60000 loss 0.0360 lr 8.95e-05 14505s (1.12s/step)
step 13025/60000 loss 0.0394 lr 8.95e-05 14533s (1.12s/step)
step 13050/60000 loss 0.0353 lr 8.94e-05 14560s (1.12s/step)
step 13075/60000 loss 0.0331 lr 8.94e-05 14588s (1.12s/step)
step 13100/60000 loss 0.0329 lr 8.93e-05 14616s (1.12s/step)
step 13125/60000 loss 0.0307 lr 8.93e-05 14644s (1.12s/step)
step 13150/60000 loss 0.0381 lr 8.93e-05 14672s (1.12s/step)
step 13175/60000 loss 0.0380 lr 8.92e-05 14699s (1.12s/step)
step 13200/60000 loss 0.0310 lr 8.92e-05 14727s (1.12s/step)
step 13225/60000 loss 0.0357 lr 8.91e-05 14755s (1.12s/step)
step 13250/60000 loss 0.0352 lr 8.91e-05 14783s (1.12s/step)
step 13275/60000 loss 0.0319 lr 8.91e-05 14811s (1.12s/step)
step 13300/60000 loss 0.0411 lr 8.90e-05 14838s (1.12s/step)
step 13325/60000 loss 0.0348 lr 8.90e-05 14866s (1.12s/step)
step 13350/60000 loss 0.0315 lr 8.89e-05 14894s (1.12s/step)
step 13375/60000 loss 0.0334 lr 8.89e-05 14922s (1.12s/step)
step 13400/60000 loss 0.0364 lr 8.88e-05 14950s (1.12s/step)
step 13425/60000 loss 0.0324 lr 8.88e-05 14977s (1.12s/step)
step 13450/60000 loss 0.0286 lr 8.88e-05 15005s (1.12s/step)
step 13475/60000 loss 0.0340 lr 8.87e-05 15033s (1.12s/step)
step 13500/60000 loss 0.0329 lr 8.87e-05 15061s (1.12s/step)
step 13525/60000 loss 0.0326 lr 8.86e-05 15089s (1.12s/step)
step 13550/60000 loss 0.0312 lr 8.86e-05 15117s (1.12s/step)
step 13575/60000 loss 0.0404 lr 8.86e-05 15144s (1.12s/step)
step 13600/60000 loss 0.0355 lr 8.85e-05 15172s (1.12s/step)
step 13625/60000 loss 0.0290 lr 8.85e-05 15200s (1.12s/step)
step 13650/60000 loss 0.0333 lr 8.84e-05 15228s (1.12s/step)
step 13675/60000 loss 0.0305 lr 8.84e-05 15256s (1.12s/step)
step 13700/60000 loss 0.0299 lr 8.83e-05 15283s (1.12s/step)
step 13725/60000 loss 0.0451 lr 8.83e-05 15311s (1.12s/step)
step 13750/60000 loss 0.0269 lr 8.83e-05 15339s (1.12s/step)
step 13775/60000 loss 0.0381 lr 8.82e-05 15367s (1.12s/step)
step 13800/60000 loss 0.0322 lr 8.82e-05 15395s (1.12s/step)
step 13825/60000 loss 0.0383 lr 8.81e-05 15422s (1.12s/step)
step 13850/60000 loss 0.0343 lr 8.81e-05 15450s (1.12s/step)
step 13875/60000 loss 0.0357 lr 8.80e-05 15478s (1.12s/step)
step 13900/60000 loss 0.0429 lr 8.80e-05 15506s (1.12s/step)
step 13925/60000 loss 0.0304 lr 8.80e-05 15534s (1.12s/step)
step 13950/60000 loss 0.0323 lr 8.79e-05 15562s (1.12s/step)
step 13975/60000 loss 0.0336 lr 8.79e-05 15589s (1.12s/step)
step 14000/60000 loss 0.0332 lr 8.78e-05 15617s (1.12s/step)
step 14025/60000 loss 0.0379 lr 8.78e-05 15651s (1.12s/step)
step 14050/60000 loss 0.0316 lr 8.77e-05 15679s (1.12s/step)
step 14075/60000 loss 0.0316 lr 8.77e-05 15707s (1.12s/step)
step 14100/60000 loss 0.0309 lr 8.77e-05 15735s (1.12s/step)
step 14125/60000 loss 0.0342 lr 8.76e-05 15763s (1.12s/step)
step 14150/60000 loss 0.0305 lr 8.76e-05 15790s (1.12s/step)
step 14175/60000 loss 0.0392 lr 8.75e-05 15818s (1.12s/step)
step 14200/60000 loss 0.0319 lr 8.75e-05 15846s (1.12s/step)
step 14225/60000 loss 0.0355 lr 8.74e-05 15874s (1.12s/step)
step 14250/60000 loss 0.0405 lr 8.74e-05 15902s (1.12s/step)
step 14275/60000 loss 0.0354 lr 8.73e-05 15929s (1.12s/step)
step 14300/60000 loss 0.0332 lr 8.73e-05 15957s (1.12s/step)
step 14325/60000 loss 0.0355 lr 8.73e-05 15985s (1.12s/step)
step 14350/60000 loss 0.0331 lr 8.72e-05 16013s (1.12s/step)
step 14375/60000 loss 0.0426 lr 8.72e-05 16041s (1.12s/step)
step 14400/60000 loss 0.0239 lr 8.71e-05 16068s (1.12s/step)
step 14425/60000 loss 0.0345 lr 8.71e-05 16096s (1.12s/step)
step 14450/60000 loss 0.0344 lr 8.70e-05 16124s (1.12s/step)
step 14475/60000 loss 0.0353 lr 8.70e-05 16152s (1.12s/step)
step 14500/60000 loss 0.0382 lr 8.70e-05 16180s (1.12s/step)
step 14525/60000 loss 0.0344 lr 8.69e-05 16207s (1.12s/step)
step 14550/60000 loss 0.0312 lr 8.69e-05 16235s (1.12s/step)
step 14575/60000 loss 0.0352 lr 8.68e-05 16263s (1.12s/step)
step 14600/60000 loss 0.0333 lr 8.68e-05 16291s (1.12s/step)
step 14625/60000 loss 0.0310 lr 8.67e-05 16319s (1.12s/step)
step 14650/60000 loss 0.0349 lr 8.67e-05 16346s (1.12s/step)
step 14675/60000 loss 0.0378 lr 8.66e-05 16374s (1.12s/step)
step 14700/60000 loss 0.0321 lr 8.66e-05 16402s (1.12s/step)
step 14725/60000 loss 0.0354 lr 8.65e-05 16430s (1.12s/step)
step 14750/60000 loss 0.0343 lr 8.65e-05 16458s (1.12s/step)
step 14775/60000 loss 0.0290 lr 8.65e-05 16485s (1.12s/step)
step 14800/60000 loss 0.0336 lr 8.64e-05 16513s (1.12s/step)
step 14825/60000 loss 0.0283 lr 8.64e-05 16541s (1.12s/step)
step 14850/60000 loss 0.0317 lr 8.63e-05 16569s (1.12s/step)
step 14875/60000 loss 0.0265 lr 8.63e-05 16597s (1.12s/step)
step 14900/60000 loss 0.0329 lr 8.62e-05 16625s (1.12s/step)
step 14925/60000 loss 0.0381 lr 8.62e-05 16653s (1.12s/step)
step 14950/60000 loss 0.0362 lr 8.61e-05 16680s (1.12s/step)
step 14975/60000 loss 0.0319 lr 8.61e-05 16708s (1.12s/step)
step 15000/60000 loss 0.0290 lr 8.60e-05 16736s (1.12s/step)
step 15025/60000 loss 0.0303 lr 8.60e-05 16764s (1.12s/step)
step 15050/60000 loss 0.0325 lr 8.60e-05 16792s (1.12s/step)
step 15075/60000 loss 0.0338 lr 8.59e-05 16819s (1.12s/step)
step 15100/60000 loss 0.0369 lr 8.59e-05 16847s (1.12s/step)
step 15125/60000 loss 0.0311 lr 8.58e-05 16875s (1.12s/step)
step 15150/60000 loss 0.0342 lr 8.58e-05 16903s (1.12s/step)
step 15175/60000 loss 0.0330 lr 8.57e-05 16931s (1.12s/step)
step 15200/60000 loss 0.0279 lr 8.57e-05 16959s (1.12s/step)
step 15225/60000 loss 0.0261 lr 8.56e-05 16986s (1.12s/step)
step 15250/60000 loss 0.0291 lr 8.56e-05 17014s (1.12s/step)
step 15275/60000 loss 0.0258 lr 8.55e-05 17042s (1.12s/step)
step 15300/60000 loss 0.0374 lr 8.55e-05 17070s (1.12s/step)
step 15325/60000 loss 0.0344 lr 8.54e-05 17098s (1.12s/step)
step 15350/60000 loss 0.0363 lr 8.54e-05 17125s (1.12s/step)
step 15375/60000 loss 0.0332 lr 8.54e-05 17153s (1.12s/step)
step 15400/60000 loss 0.0262 lr 8.53e-05 17181s (1.12s/step)
step 15425/60000 loss 0.0306 lr 8.53e-05 17209s (1.12s/step)
step 15450/60000 loss 0.0327 lr 8.52e-05 17237s (1.12s/step)
step 15475/60000 loss 0.0375 lr 8.52e-05 17265s (1.12s/step)
step 15500/60000 loss 0.0310 lr 8.51e-05 17292s (1.12s/step)
step 15525/60000 loss 0.0365 lr 8.51e-05 17320s (1.12s/step)
step 15550/60000 loss 0.0303 lr 8.50e-05 17348s (1.12s/step)
step 15575/60000 loss 0.0364 lr 8.50e-05 17376s (1.12s/step)
step 15600/60000 loss 0.0350 lr 8.49e-05 17404s (1.12s/step)
step 15625/60000 loss 0.0348 lr 8.49e-05 17432s (1.12s/step)
step 15650/60000 loss 0.0351 lr 8.48e-05 17459s (1.12s/step)
step 15675/60000 loss 0.0332 lr 8.48e-05 17487s (1.12s/step)
step 15700/60000 loss 0.0346 lr 8.47e-05 17515s (1.12s/step)
step 15725/60000 loss 0.0294 lr 8.47e-05 17543s (1.12s/step)
step 15750/60000 loss 0.0308 lr 8.46e-05 17571s (1.12s/step)
step 15775/60000 loss 0.0380 lr 8.46e-05 17599s (1.12s/step)
step 15800/60000 loss 0.0315 lr 8.46e-05 17626s (1.12s/step)
step 15825/60000 loss 0.0329 lr 8.45e-05 17654s (1.12s/step)
step 15850/60000 loss 0.0271 lr 8.45e-05 17682s (1.12s/step)
step 15875/60000 loss 0.0264 lr 8.44e-05 17710s (1.12s/step)
step 15900/60000 loss 0.0305 lr 8.44e-05 17738s (1.12s/step)
step 15925/60000 loss 0.0355 lr 8.43e-05 17765s (1.12s/step)
step 15950/60000 loss 0.0311 lr 8.43e-05 17793s (1.12s/step)
step 15975/60000 loss 0.0321 lr 8.42e-05 17821s (1.12s/step)
step 16000/60000 loss 0.0301 lr 8.42e-05 17849s (1.12s/step)
step 16025/60000 loss 0.0340 lr 8.41e-05 17883s (1.12s/step)
step 16050/60000 loss 0.0401 lr 8.41e-05 17911s (1.12s/step)
step 16075/60000 loss 0.0332 lr 8.40e-05 17939s (1.12s/step)
step 16100/60000 loss 0.0451 lr 8.40e-05 17967s (1.12s/step)
step 16125/60000 loss 0.0343 lr 8.39e-05 17994s (1.12s/step)
step 16150/60000 loss 0.0308 lr 8.39e-05 18022s (1.12s/step)
step 16175/60000 loss 0.0352 lr 8.38e-05 18050s (1.12s/step)
step 16200/60000 loss 0.0318 lr 8.38e-05 18078s (1.12s/step)
step 16225/60000 loss 0.0363 lr 8.37e-05 18106s (1.12s/step)
step 16250/60000 loss 0.0295 lr 8.37e-05 18133s (1.12s/step)
step 16275/60000 loss 0.0311 lr 8.36e-05 18161s (1.12s/step)
step 16300/60000 loss 0.0270 lr 8.36e-05 18189s (1.12s/step)
step 16325/60000 loss 0.0273 lr 8.35e-05 18217s (1.12s/step)
step 16350/60000 loss 0.0353 lr 8.35e-05 18245s (1.12s/step)
step 16375/60000 loss 0.0325 lr 8.34e-05 18273s (1.12s/step)
step 16400/60000 loss 0.0294 lr 8.34e-05 18300s (1.12s/step)
step 16425/60000 loss 0.0361 lr 8.33e-05 18328s (1.12s/step)
step 16450/60000 loss 0.0325 lr 8.33e-05 18356s (1.12s/step)
step 16475/60000 loss 0.0282 lr 8.32e-05 18384s (1.12s/step)
step 16500/60000 loss 0.0359 lr 8.32e-05 18412s (1.12s/step)
step 16525/60000 loss 0.0360 lr 8.31e-05 18439s (1.12s/step)
step 16550/60000 loss 0.0318 lr 8.31e-05 18467s (1.12s/step)
step 16575/60000 loss 0.0333 lr 8.30e-05 18495s (1.12s/step)
step 16600/60000 loss 0.0283 lr 8.30e-05 18523s (1.12s/step)
step 16625/60000 loss 0.0365 lr 8.29e-05 18551s (1.12s/step)
step 16650/60000 loss 0.0353 lr 8.29e-05 18579s (1.12s/step)
step 16675/60000 loss 0.0320 lr 8.28e-05 18606s (1.12s/step)
step 16700/60000 loss 0.0344 lr 8.28e-05 18634s (1.12s/step)
step 16725/60000 loss 0.0358 lr 8.27e-05 18662s (1.12s/step)
step 16750/60000 loss 0.0360 lr 8.27e-05 18690s (1.12s/step)
step 16775/60000 loss 0.0328 lr 8.26e-05 18718s (1.12s/step)
step 16800/60000 loss 0.0293 lr 8.26e-05 18746s (1.12s/step)
step 16825/60000 loss 0.0423 lr 8.25e-05 18773s (1.12s/step)
step 16850/60000 loss 0.0341 lr 8.25e-05 18801s (1.12s/step)
step 16875/60000 loss 0.0314 lr 8.24e-05 18829s (1.12s/step)
step 16900/60000 loss 0.0308 lr 8.24e-05 18857s (1.12s/step)
step 16925/60000 loss 0.0314 lr 8.23e-05 18885s (1.12s/step)
step 16950/60000 loss 0.0282 lr 8.23e-05 18912s (1.12s/step)
step 16975/60000 loss 0.0326 lr 8.22e-05 18940s (1.12s/step)
step 17000/60000 loss 0.0332 lr 8.22e-05 18968s (1.12s/step)
step 17025/60000 loss 0.0319 lr 8.21e-05 18996s (1.12s/step)
step 17050/60000 loss 0.0378 lr 8.21e-05 19024s (1.12s/step)
step 17075/60000 loss 0.0282 lr 8.20e-05 19052s (1.12s/step)
step 17100/60000 loss 0.0280 lr 8.20e-05 19079s (1.12s/step)
step 17125/60000 loss 0.0294 lr 8.19e-05 19107s (1.12s/step)
step 17150/60000 loss 0.0314 lr 8.19e-05 19135s (1.12s/step)
step 17175/60000 loss 0.0326 lr 8.18e-05 19163s (1.12s/step)
step 17200/60000 loss 0.0411 lr 8.18e-05 19191s (1.12s/step)
step 17225/60000 loss 0.0326 lr 8.17e-05 19218s (1.12s/step)
step 17250/60000 loss 0.0346 lr 8.17e-05 19246s (1.12s/step)
step 17275/60000 loss 0.0330 lr 8.16e-05 19274s (1.12s/step)
step 17300/60000 loss 0.0300 lr 8.16e-05 19302s (1.12s/step)
step 17325/60000 loss 0.0388 lr 8.15e-05 19330s (1.12s/step)
step 17350/60000 loss 0.0334 lr 8.15e-05 19358s (1.12s/step)
step 17375/60000 loss 0.0363 lr 8.14e-05 19385s (1.12s/step)
step 17400/60000 loss 0.0359 lr 8.14e-05 19413s (1.12s/step)
step 17425/60000 loss 0.0348 lr 8.13e-05 19441s (1.12s/step)
step 17450/60000 loss 0.0375 lr 8.13e-05 19469s (1.12s/step)
step 17475/60000 loss 0.0336 lr 8.12e-05 19497s (1.12s/step)
step 17500/60000 loss 0.0317 lr 8.12e-05 19525s (1.12s/step)
step 17525/60000 loss 0.0319 lr 8.11e-05 19552s (1.12s/step)
step 17550/60000 loss 0.0365 lr 8.11e-05 19580s (1.12s/step)
step 17575/60000 loss 0.0276 lr 8.10e-05 19608s (1.12s/step)
step 17600/60000 loss 0.0402 lr 8.10e-05 19636s (1.12s/step)
step 17625/60000 loss 0.0331 lr 8.09e-05 19664s (1.12s/step)
step 17650/60000 loss 0.0346 lr 8.09e-05 19692s (1.12s/step)
step 17675/60000 loss 0.0309 lr 8.08e-05 19719s (1.12s/step)
step 17700/60000 loss 0.0344 lr 8.08e-05 19747s (1.12s/step)
step 17725/60000 loss 0.0332 lr 8.07e-05 19775s (1.12s/step)
step 17750/60000 loss 0.0332 lr 8.07e-05 19803s (1.12s/step)
step 17775/60000 loss 0.0302 lr 8.06e-05 19831s (1.12s/step)
step 17800/60000 loss 0.0391 lr 8.06e-05 19858s (1.12s/step)
step 17825/60000 loss 0.0356 lr 8.05e-05 19886s (1.12s/step)
step 17850/60000 loss 0.0391 lr 8.04e-05 19914s (1.12s/step)
step 17875/60000 loss 0.0426 lr 8.04e-05 19942s (1.12s/step)
step 17900/60000 loss 0.0333 lr 8.03e-05 19970s (1.12s/step)
step 17925/60000 loss 0.0308 lr 8.03e-05 19998s (1.12s/step)
step 17950/60000 loss 0.0382 lr 8.02e-05 20025s (1.12s/step)
step 17975/60000 loss 0.0314 lr 8.02e-05 20053s (1.12s/step)
step 18000/60000 loss 0.0282 lr 8.01e-05 20081s (1.12s/step)
step 18025/60000 loss 0.0287 lr 8.01e-05 20115s (1.12s/step)
step 18050/60000 loss 0.0349 lr 8.00e-05 20143s (1.12s/step)
step 18075/60000 loss 0.0380 lr 8.00e-05 20171s (1.12s/step)
step 18100/60000 loss 0.0377 lr 7.99e-05 20198s (1.12s/step)
step 18125/60000 loss 0.0339 lr 7.99e-05 20226s (1.12s/step)
step 18150/60000 loss 0.0253 lr 7.98e-05 20254s (1.12s/step)
step 18175/60000 loss 0.0344 lr 7.98e-05 20282s (1.12s/step)
step 18200/60000 loss 0.0273 lr 7.97e-05 20310s (1.12s/step)
step 18225/60000 loss 0.0351 lr 7.97e-05 20337s (1.12s/step)
step 18250/60000 loss 0.0374 lr 7.96e-05 20365s (1.12s/step)
step 18275/60000 loss 0.0326 lr 7.95e-05 20393s (1.12s/step)
step 18300/60000 loss 0.0305 lr 7.95e-05 20421s (1.12s/step)
step 18325/60000 loss 0.0347 lr 7.94e-05 20449s (1.12s/step)
step 18350/60000 loss 0.0283 lr 7.94e-05 20476s (1.12s/step)
step 18375/60000 loss 0.0362 lr 7.93e-05 20504s (1.12s/step)
step 18400/60000 loss 0.0395 lr 7.93e-05 20532s (1.12s/step)
step 18425/60000 loss 0.0319 lr 7.92e-05 20560s (1.12s/step)
step 18450/60000 loss 0.0335 lr 7.92e-05 20588s (1.12s/step)
step 18475/60000 loss 0.0320 lr 7.91e-05 20616s (1.12s/step)
step 18500/60000 loss 0.0336 lr 7.91e-05 20643s (1.12s/step)
step 18525/60000 loss 0.0374 lr 7.90e-05 20671s (1.12s/step)
step 18550/60000 loss 0.0308 lr 7.90e-05 20699s (1.12s/step)
step 18575/60000 loss 0.0283 lr 7.89e-05 20727s (1.12s/step)
step 18600/60000 loss 0.0338 lr 7.89e-05 20755s (1.12s/step)
step 18625/60000 loss 0.0293 lr 7.88e-05 20782s (1.12s/step)
step 18650/60000 loss 0.0319 lr 7.87e-05 20810s (1.12s/step)
step 18675/60000 loss 0.0381 lr 7.87e-05 20838s (1.12s/step)
step 18700/60000 loss 0.0337 lr 7.86e-05 20866s (1.12s/step)
step 18725/60000 loss 0.0316 lr 7.86e-05 20894s (1.12s/step)
step 18750/60000 loss 0.0352 lr 7.85e-05 20922s (1.12s/step)
step 18775/60000 loss 0.0280 lr 7.85e-05 20949s (1.12s/step)
step 18800/60000 loss 0.0283 lr 7.84e-05 20977s (1.12s/step)
step 18825/60000 loss 0.0340 lr 7.84e-05 21005s (1.12s/step)
step 18850/60000 loss 0.0296 lr 7.83e-05 21033s (1.12s/step)
step 18875/60000 loss 0.0369 lr 7.83e-05 21061s (1.12s/step)
step 18900/60000 loss 0.0301 lr 7.82e-05 21088s (1.12s/step)
step 18925/60000 loss 0.0302 lr 7.81e-05 21116s (1.12s/step)
step 18950/60000 loss 0.0343 lr 7.81e-05 21144s (1.12s/step)
step 18975/60000 loss 0.0404 lr 7.80e-05 21172s (1.12s/step)
step 19000/60000 loss 0.0382 lr 7.80e-05 21200s (1.12s/step)
step 19025/60000 loss 0.0347 lr 7.79e-05 21227s (1.12s/step)
step 19050/60000 loss 0.0339 lr 7.79e-05 21255s (1.12s/step)
step 19075/60000 loss 0.0243 lr 7.78e-05 21283s (1.12s/step)
step 19100/60000 loss 0.0378 lr 7.78e-05 21311s (1.12s/step)
step 19125/60000 loss 0.0367 lr 7.77e-05 21339s (1.12s/step)
step 19150/60000 loss 0.0337 lr 7.77e-05 21367s (1.12s/step)
step 19175/60000 loss 0.0312 lr 7.76e-05 21394s (1.12s/step)
step 19200/60000 loss 0.0280 lr 7.75e-05 21422s (1.12s/step)
step 19225/60000 loss 0.0340 lr 7.75e-05 21450s (1.12s/step)
step 19250/60000 loss 0.0310 lr 7.74e-05 21478s (1.12s/step)
step 19275/60000 loss 0.0320 lr 7.74e-05 21506s (1.12s/step)
step 19300/60000 loss 0.0293 lr 7.73e-05 21533s (1.12s/step)
step 19325/60000 loss 0.0300 lr 7.73e-05 21561s (1.12s/step)
step 19350/60000 loss 0.0338 lr 7.72e-05 21589s (1.12s/step)
step 19375/60000 loss 0.0349 lr 7.72e-05 21617s (1.12s/step)
step 19400/60000 loss 0.0345 lr 7.71e-05 21645s (1.12s/step)
step 19425/60000 loss 0.0383 lr 7.70e-05 21672s (1.12s/step)
step 19450/60000 loss 0.0290 lr 7.70e-05 21700s (1.12s/step)
step 19475/60000 loss 0.0341 lr 7.69e-05 21728s (1.12s/step)
step 19500/60000 loss 0.0355 lr 7.69e-05 21756s (1.12s/step)
step 19525/60000 loss 0.0288 lr 7.68e-05 21784s (1.12s/step)
step 19550/60000 loss 0.0319 lr 7.68e-05 21812s (1.12s/step)
step 19575/60000 loss 0.0300 lr 7.67e-05 21839s (1.12s/step)
step 19600/60000 loss 0.0354 lr 7.67e-05 21867s (1.12s/step)
step 19625/60000 loss 0.0341 lr 7.66e-05 21895s (1.12s/step)
step 19650/60000 loss 0.0302 lr 7.65e-05 21923s (1.12s/step)
step 19675/60000 loss 0.0413 lr 7.65e-05 21951s (1.12s/step)
step 19700/60000 loss 0.0289 lr 7.64e-05 21978s (1.12s/step)
step 19725/60000 loss 0.0395 lr 7.64e-05 22006s (1.12s/step)
step 19750/60000 loss 0.0291 lr 7.63e-05 22034s (1.12s/step)
step 19775/60000 loss 0.0244 lr 7.63e-05 22062s (1.12s/step)
step 19800/60000 loss 0.0313 lr 7.62e-05 22090s (1.12s/step)
step 19825/60000 loss 0.0295 lr 7.62e-05 22117s (1.12s/step)
step 19850/60000 loss 0.0329 lr 7.61e-05 22145s (1.12s/step)
step 19875/60000 loss 0.0311 lr 7.60e-05 22173s (1.12s/step)
step 19900/60000 loss 0.0274 lr 7.60e-05 22201s (1.12s/step)
step 19925/60000 loss 0.0297 lr 7.59e-05 22229s (1.12s/step)
step 19950/60000 loss 0.0351 lr 7.59e-05 22257s (1.12s/step)
step 19975/60000 loss 0.0395 lr 7.58e-05 22284s (1.12s/step)
step 20000/60000 loss 0.0333 lr 7.58e-05 22312s (1.12s/step)
step 20025/60000 loss 0.0375 lr 7.57e-05 22346s (1.12s/step)
step 20050/60000 loss 0.0291 lr 7.56e-05 22374s (1.12s/step)
step 20075/60000 loss 0.0386 lr 7.56e-05 22402s (1.12s/step)
step 20100/60000 loss 0.0340 lr 7.55e-05 22430s (1.12s/step)
step 20125/60000 loss 0.0298 lr 7.55e-05 22457s (1.12s/step)
step 20150/60000 loss 0.0382 lr 7.54e-05 22485s (1.12s/step)
step 20175/60000 loss 0.0274 lr 7.54e-05 22513s (1.12s/step)
step 20200/60000 loss 0.0314 lr 7.53e-05 22541s (1.12s/step)
step 20225/60000 loss 0.0347 lr 7.52e-05 22569s (1.12s/step)
step 20250/60000 loss 0.0285 lr 7.52e-05 22597s (1.12s/step)
step 20275/60000 loss 0.0292 lr 7.51e-05 22624s (1.12s/step)
step 20300/60000 loss 0.0335 lr 7.51e-05 22652s (1.12s/step)
step 20325/60000 loss 0.0289 lr 7.50e-05 22680s (1.12s/step)
step 20350/60000 loss 0.0307 lr 7.50e-05 22708s (1.12s/step)
step 20375/60000 loss 0.0341 lr 7.49e-05 22736s (1.12s/step)
step 20400/60000 loss 0.0327 lr 7.48e-05 22763s (1.12s/step)
step 20425/60000 loss 0.0318 lr 7.48e-05 22791s (1.12s/step)
step 20450/60000 loss 0.0340 lr 7.47e-05 22819s (1.12s/step)
step 20475/60000 loss 0.0306 lr 7.47e-05 22847s (1.12s/step)
step 20500/60000 loss 0.0312 lr 7.46e-05 22875s (1.12s/step)
step 20525/60000 loss 0.0337 lr 7.46e-05 22902s (1.12s/step)
step 20550/60000 loss 0.0412 lr 7.45e-05 22930s (1.12s/step)
step 20575/60000 loss 0.0289 lr 7.44e-05 22958s (1.12s/step)
step 20600/60000 loss 0.0372 lr 7.44e-05 22986s (1.12s/step)
step 20625/60000 loss 0.0324 lr 7.43e-05 23014s (1.12s/step)
step 20650/60000 loss 0.0362 lr 7.43e-05 23042s (1.12s/step)
step 20675/60000 loss 0.0352 lr 7.42e-05 23069s (1.12s/step)
step 20700/60000 loss 0.0333 lr 7.42e-05 23097s (1.12s/step)
step 20725/60000 loss 0.0281 lr 7.41e-05 23125s (1.12s/step)
step 20750/60000 loss 0.0325 lr 7.40e-05 23153s (1.12s/step)
step 20775/60000 loss 0.0285 lr 7.40e-05 23181s (1.12s/step)
step 20800/60000 loss 0.0250 lr 7.39e-05 23208s (1.12s/step)
step 20825/60000 loss 0.0381 lr 7.39e-05 23236s (1.12s/step)
step 20850/60000 loss 0.0352 lr 7.38e-05 23264s (1.12s/step)
step 20875/60000 loss 0.0268 lr 7.38e-05 23292s (1.12s/step)
step 20900/60000 loss 0.0279 lr 7.37e-05 23320s (1.12s/step)
step 20925/60000 loss 0.0353 lr 7.36e-05 23347s (1.12s/step)
step 20950/60000 loss 0.0345 lr 7.36e-05 23375s (1.12s/step)
step 20975/60000 loss 0.0345 lr 7.35e-05 23403s (1.12s/step)
step 21000/60000 loss 0.0314 lr 7.35e-05 23431s (1.12s/step)
step 21025/60000 loss 0.0406 lr 7.34e-05 23459s (1.12s/step)
step 21050/60000 loss 0.0354 lr 7.33e-05 23487s (1.12s/step)
step 21075/60000 loss 0.0277 lr 7.33e-05 23514s (1.12s/step)
step 21100/60000 loss 0.0302 lr 7.32e-05 23542s (1.12s/step)
step 21125/60000 loss 0.0375 lr 7.32e-05 23570s (1.12s/step)
step 21150/60000 loss 0.0303 lr 7.31e-05 23598s (1.12s/step)
step 21175/60000 loss 0.0274 lr 7.31e-05 23626s (1.12s/step)
step 21200/60000 loss 0.0340 lr 7.30e-05 23653s (1.12s/step)
step 21225/60000 loss 0.0336 lr 7.29e-05 23681s (1.12s/step)
step 21250/60000 loss 0.0353 lr 7.29e-05 23709s (1.12s/step)
step 21275/60000 loss 0.0288 lr 7.28e-05 23737s (1.12s/step)
step 21300/60000 loss 0.0335 lr 7.28e-05 23765s (1.12s/step)
step 21325/60000 loss 0.0359 lr 7.27e-05 23793s (1.12s/step)
step 21350/60000 loss 0.0299 lr 7.26e-05 23820s (1.12s/step)
step 21375/60000 loss 0.0365 lr 7.26e-05 23848s (1.12s/step)
step 21400/60000 loss 0.0360 lr 7.25e-05 23876s (1.12s/step)
step 21425/60000 loss 0.0266 lr 7.25e-05 23904s (1.12s/step)
step 21450/60000 loss 0.0306 lr 7.24e-05 23932s (1.12s/step)
step 21475/60000 loss 0.0342 lr 7.23e-05 23959s (1.12s/step)
step 21500/60000 loss 0.0293 lr 7.23e-05 23987s (1.12s/step)
step 21525/60000 loss 0.0389 lr 7.22e-05 24015s (1.12s/step)
step 21550/60000 loss 0.0364 lr 7.22e-05 24043s (1.12s/step)
step 21575/60000 loss 0.0313 lr 7.21e-05 24071s (1.12s/step)
step 21600/60000 loss 0.0487 lr 7.21e-05 24098s (1.12s/step)
step 21625/60000 loss 0.0324 lr 7.20e-05 24126s (1.12s/step)
step 21650/60000 loss 0.0320 lr 7.19e-05 24154s (1.12s/step)
step 21675/60000 loss 0.0381 lr 7.19e-05 24182s (1.12s/step)
step 21700/60000 loss 0.0313 lr 7.18e-05 24210s (1.12s/step)
step 21725/60000 loss 0.0386 lr 7.18e-05 24237s (1.12s/step)
step 21750/60000 loss 0.0331 lr 7.17e-05 24265s (1.12s/step)
step 21775/60000 loss 0.0329 lr 7.16e-05 24293s (1.12s/step)
step 21800/60000 loss 0.0328 lr 7.16e-05 24321s (1.12s/step)
step 21825/60000 loss 0.0325 lr 7.15e-05 24349s (1.12s/step)
step 21850/60000 loss 0.0307 lr 7.15e-05 24376s (1.12s/step)
step 21875/60000 loss 0.0374 lr 7.14e-05 24404s (1.12s/step)
step 21900/60000 loss 0.0337 lr 7.13e-05 24432s (1.12s/step)
step 21925/60000 loss 0.0281 lr 7.13e-05 24460s (1.12s/step)
step 21950/60000 loss 0.0339 lr 7.12e-05 24488s (1.12s/step)
step 21975/60000 loss 0.0264 lr 7.12e-05 24515s (1.12s/step)
step 22000/60000 loss 0.0353 lr 7.11e-05 24543s (1.12s/step)
step 22025/60000 loss 0.0287 lr 7.10e-05 24577s (1.12s/step)
step 22050/60000 loss 0.0345 lr 7.10e-05 24605s (1.12s/step)
step 22075/60000 loss 0.0386 lr 7.09e-05 24633s (1.12s/step)
step 22100/60000 loss 0.0261 lr 7.09e-05 24661s (1.12s/step)
step 22125/60000 loss 0.0327 lr 7.08e-05 24689s (1.12s/step)
step 22150/60000 loss 0.0366 lr 7.07e-05 24716s (1.12s/step)
step 22175/60000 loss 0.0306 lr 7.07e-05 24744s (1.12s/step)
step 22200/60000 loss 0.0285 lr 7.06e-05 24772s (1.12s/step)
step 22225/60000 loss 0.0300 lr 7.06e-05 24800s (1.12s/step)
step 22250/60000 loss 0.0330 lr 7.05e-05 24828s (1.12s/step)
step 22275/60000 loss 0.0308 lr 7.04e-05 24855s (1.12s/step)
step 22300/60000 loss 0.0361 lr 7.04e-05 24883s (1.12s/step)
step 22325/60000 loss 0.0371 lr 7.03e-05 24911s (1.12s/step)
step 22350/60000 loss 0.0382 lr 7.03e-05 24939s (1.12s/step)
step 22375/60000 loss 0.0396 lr 7.02e-05 24967s (1.12s/step)
step 22400/60000 loss 0.0352 lr 7.01e-05 24994s (1.12s/step)
step 22425/60000 loss 0.0350 lr 7.01e-05 25022s (1.12s/step)
step 22450/60000 loss 0.0396 lr 7.00e-05 25050s (1.12s/step)
step 22475/60000 loss 0.0265 lr 7.00e-05 25078s (1.12s/step)
step 22500/60000 loss 0.0278 lr 6.99e-05 25106s (1.12s/step)
step 22525/60000 loss 0.0324 lr 6.98e-05 25133s (1.12s/step)
step 22550/60000 loss 0.0303 lr 6.98e-05 25161s (1.12s/step)
step 22575/60000 loss 0.0317 lr 6.97e-05 25189s (1.12s/step)
step 22600/60000 loss 0.0277 lr 6.97e-05 25217s (1.12s/step)
step 22625/60000 loss 0.0345 lr 6.96e-05 25245s (1.12s/step)
step 22650/60000 loss 0.0306 lr 6.95e-05 25273s (1.12s/step)
step 22675/60000 loss 0.0426 lr 6.95e-05 25300s (1.12s/step)
step 22700/60000 loss 0.0334 lr 6.94e-05 25328s (1.12s/step)
step 22725/60000 loss 0.0298 lr 6.93e-05 25356s (1.12s/step)
step 22750/60000 loss 0.0320 lr 6.93e-05 25384s (1.12s/step)
step 22775/60000 loss 0.0335 lr 6.92e-05 25412s (1.12s/step)
step 22800/60000 loss 0.0291 lr 6.92e-05 25439s (1.12s/step)
step 22825/60000 loss 0.0338 lr 6.91e-05 25467s (1.12s/step)
step 22850/60000 loss 0.0336 lr 6.90e-05 25495s (1.12s/step)
step 22875/60000 loss 0.0377 lr 6.90e-05 25523s (1.12s/step)
step 22900/60000 loss 0.0324 lr 6.89e-05 25551s (1.12s/step)
step 22925/60000 loss 0.0402 lr 6.89e-05 25578s (1.12s/step)
step 22950/60000 loss 0.0352 lr 6.88e-05 25606s (1.12s/step)
step 22975/60000 loss 0.0332 lr 6.87e-05 25634s (1.12s/step)
step 23000/60000 loss 0.0380 lr 6.87e-05 25662s (1.12s/step)
step 23025/60000 loss 0.0335 lr 6.86e-05 25690s (1.12s/step)
step 23050/60000 loss 0.0372 lr 6.86e-05 25717s (1.12s/step)
step 23075/60000 loss 0.0344 lr 6.85e-05 25745s (1.12s/step)
step 23100/60000 loss 0.0234 lr 6.84e-05 25773s (1.12s/step)
step 23125/60000 loss 0.0315 lr 6.84e-05 25801s (1.12s/step)
step 23150/60000 loss 0.0347 lr 6.83e-05 25829s (1.12s/step)
step 23175/60000 loss 0.0269 lr 6.82e-05 25857s (1.12s/step)
step 23200/60000 loss 0.0368 lr 6.82e-05 25884s (1.12s/step)
step 23225/60000 loss 0.0355 lr 6.81e-05 25912s (1.12s/step)
step 23250/60000 loss 0.0329 lr 6.81e-05 25940s (1.12s/step)
step 23275/60000 loss 0.0295 lr 6.80e-05 25968s (1.12s/step)
step 23300/60000 loss 0.0271 lr 6.79e-05 25996s (1.12s/step)
step 23325/60000 loss 0.0319 lr 6.79e-05 26023s (1.12s/step)
step 23350/60000 loss 0.0304 lr 6.78e-05 26051s (1.12s/step)
step 23375/60000 loss 0.0378 lr 6.78e-05 26079s (1.12s/step)
step 23400/60000 loss 0.0331 lr 6.77e-05 26107s (1.12s/step)
step 23425/60000 loss 0.0337 lr 6.76e-05 26135s (1.12s/step)
step 23450/60000 loss 0.0375 lr 6.76e-05 26162s (1.12s/step)
step 23475/60000 loss 0.0290 lr 6.75e-05 26190s (1.12s/step)
step 23500/60000 loss 0.0306 lr 6.74e-05 26218s (1.12s/step)
step 23525/60000 loss 0.0309 lr 6.74e-05 26246s (1.12s/step)
step 23550/60000 loss 0.0375 lr 6.73e-05 26274s (1.12s/step)
step 23575/60000 loss 0.0329 lr 6.73e-05 26301s (1.12s/step)
step 23600/60000 loss 0.0347 lr 6.72e-05 26329s (1.12s/step)
step 23625/60000 loss 0.0268 lr 6.71e-05 26357s (1.12s/step)
step 23650/60000 loss 0.0308 lr 6.71e-05 26385s (1.12s/step)
step 23675/60000 loss 0.0325 lr 6.70e-05 26413s (1.12s/step)
step 23700/60000 loss 0.0332 lr 6.69e-05 26440s (1.12s/step)
step 23725/60000 loss 0.0358 lr 6.69e-05 26468s (1.12s/step)
step 23750/60000 loss 0.0294 lr 6.68e-05 26496s (1.12s/step)
step 23775/60000 loss 0.0301 lr 6.68e-05 26524s (1.12s/step)
step 23800/60000 loss 0.0304 lr 6.67e-05 26552s (1.12s/step)
step 23825/60000 loss 0.0337 lr 6.66e-05 26579s (1.12s/step)
step 23850/60000 loss 0.0287 lr 6.66e-05 26607s (1.12s/step)
step 23875/60000 loss 0.0303 lr 6.65e-05 26635s (1.12s/step)
step 23900/60000 loss 0.0279 lr 6.65e-05 26663s (1.12s/step)
step 23925/60000 loss 0.0286 lr 6.64e-05 26691s (1.12s/step)
step 23950/60000 loss 0.0324 lr 6.63e-05 26719s (1.12s/step)
step 23975/60000 loss 0.0267 lr 6.63e-05 26746s (1.12s/step)
step 24000/60000 loss 0.0302 lr 6.62e-05 26774s (1.12s/step)
step 24025/60000 loss 0.0435 lr 6.61e-05 26808s (1.12s/step)
step 24050/60000 loss 0.0333 lr 6.61e-05 26836s (1.12s/step)
step 24075/60000 loss 0.0239 lr 6.60e-05 26864s (1.12s/step)
step 24100/60000 loss 0.0335 lr 6.60e-05 26892s (1.12s/step)
step 24125/60000 loss 0.0320 lr 6.59e-05 26920s (1.12s/step)
step 24150/60000 loss 0.0323 lr 6.58e-05 26947s (1.12s/step)
step 24175/60000 loss 0.0261 lr 6.58e-05 26975s (1.12s/step)
step 24200/60000 loss 0.0364 lr 6.57e-05 27003s (1.12s/step)
step 24225/60000 loss 0.0328 lr 6.56e-05 27031s (1.12s/step)
step 24250/60000 loss 0.0307 lr 6.56e-05 27059s (1.12s/step)
step 24275/60000 loss 0.0341 lr 6.55e-05 27086s (1.12s/step)
step 24300/60000 loss 0.0330 lr 6.55e-05 27114s (1.12s/step)
step 24325/60000 loss 0.0268 lr 6.54e-05 27142s (1.12s/step)
step 24350/60000 loss 0.0353 lr 6.53e-05 27170s (1.12s/step)
step 24375/60000 loss 0.0344 lr 6.53e-05 27198s (1.12s/step)
step 24400/60000 loss 0.0280 lr 6.52e-05 27225s (1.12s/step)
step 24425/60000 loss 0.0287 lr 6.51e-05 27253s (1.12s/step)
step 24450/60000 loss 0.0317 lr 6.51e-05 27281s (1.12s/step)
step 24475/60000 loss 0.0296 lr 6.50e-05 27309s (1.12s/step)
step 24500/60000 loss 0.0310 lr 6.49e-05 27337s (1.12s/step)
step 24525/60000 loss 0.0326 lr 6.49e-05 27364s (1.12s/step)
step 24550/60000 loss 0.0276 lr 6.48e-05 27392s (1.12s/step)
step 24575/60000 loss 0.0330 lr 6.48e-05 27420s (1.12s/step)
step 24600/60000 loss 0.0354 lr 6.47e-05 27448s (1.12s/step)
step 24625/60000 loss 0.0288 lr 6.46e-05 27476s (1.12s/step)
step 24650/60000 loss 0.0330 lr 6.46e-05 27504s (1.12s/step)
step 24675/60000 loss 0.0250 lr 6.45e-05 27531s (1.12s/step)
step 24700/60000 loss 0.0307 lr 6.44e-05 27559s (1.12s/step)
step 24725/60000 loss 0.0348 lr 6.44e-05 27587s (1.12s/step)
step 24750/60000 loss 0.0323 lr 6.43e-05 27615s (1.12s/step)
step 24775/60000 loss 0.0303 lr 6.43e-05 27643s (1.12s/step)
step 24800/60000 loss 0.0323 lr 6.42e-05 27670s (1.12s/step)
step 24825/60000 loss 0.0373 lr 6.41e-05 27698s (1.12s/step)
step 24850/60000 loss 0.0337 lr 6.41e-05 27726s (1.12s/step)
step 24875/60000 loss 0.0326 lr 6.40e-05 27754s (1.12s/step)
step 24900/60000 loss 0.0351 lr 6.39e-05 27782s (1.12s/step)
step 24925/60000 loss 0.0374 lr 6.39e-05 27810s (1.12s/step)
step 24950/60000 loss 0.0379 lr 6.38e-05 27837s (1.12s/step)
step 24975/60000 loss 0.0266 lr 6.37e-05 27865s (1.12s/step)
step 25000/60000 loss 0.0266 lr 6.37e-05 27893s (1.12s/step)
step 25025/60000 loss 0.0384 lr 6.36e-05 27921s (1.12s/step)
step 25050/60000 loss 0.0302 lr 6.36e-05 27949s (1.12s/step)
step 25075/60000 loss 0.0292 lr 6.35e-05 27976s (1.12s/step)
step 25100/60000 loss 0.0300 lr 6.34e-05 28004s (1.12s/step)
step 25125/60000 loss 0.0326 lr 6.34e-05 28032s (1.12s/step)
step 25150/60000 loss 0.0358 lr 6.33e-05 28060s (1.12s/step)
step 25175/60000 loss 0.0294 lr 6.32e-05 28088s (1.12s/step)
step 25200/60000 loss 0.0266 lr 6.32e-05 28115s (1.12s/step)
step 25225/60000 loss 0.0336 lr 6.31e-05 28143s (1.12s/step)
step 25250/60000 loss 0.0314 lr 6.30e-05 28171s (1.12s/step)
step 25275/60000 loss 0.0284 lr 6.30e-05 28199s (1.12s/step)
step 25300/60000 loss 0.0268 lr 6.29e-05 28227s (1.12s/step)
step 25325/60000 loss 0.0266 lr 6.29e-05 28255s (1.12s/step)
step 25350/60000 loss 0.0348 lr 6.28e-05 28282s (1.12s/step)
step 25375/60000 loss 0.0359 lr 6.27e-05 28310s (1.12s/step)
step 25400/60000 loss 0.0372 lr 6.27e-05 28338s (1.12s/step)
step 25425/60000 loss 0.0396 lr 6.26e-05 28366s (1.12s/step)
step 25450/60000 loss 0.0331 lr 6.25e-05 28394s (1.12s/step)
step 25475/60000 loss 0.0282 lr 6.25e-05 28421s (1.12s/step)
step 25500/60000 loss 0.0317 lr 6.24e-05 28449s (1.12s/step)
step 25525/60000 loss 0.0321 lr 6.23e-05 28477s (1.12s/step)
step 25550/60000 loss 0.0237 lr 6.23e-05 28505s (1.12s/step)
step 25575/60000 loss 0.0323 lr 6.22e-05 28533s (1.12s/step)
step 25600/60000 loss 0.0306 lr 6.22e-05 28560s (1.12s/step)
step 25625/60000 loss 0.0424 lr 6.21e-05 28588s (1.12s/step)
step 25650/60000 loss 0.0359 lr 6.20e-05 28616s (1.12s/step)
step 25675/60000 loss 0.0317 lr 6.20e-05 28644s (1.12s/step)
step 25700/60000 loss 0.0336 lr 6.19e-05 28672s (1.12s/step)
step 25725/60000 loss 0.0357 lr 6.18e-05 28699s (1.12s/step)
step 25750/60000 loss 0.0306 lr 6.18e-05 28727s (1.12s/step)
step 25775/60000 loss 0.0323 lr 6.17e-05 28755s (1.12s/step)
step 25800/60000 loss 0.0286 lr 6.16e-05 28783s (1.12s/step)
step 25825/60000 loss 0.0351 lr 6.16e-05 28811s (1.12s/step)
step 25850/60000 loss 0.0385 lr 6.15e-05 28839s (1.12s/step)
step 25875/60000 loss 0.0359 lr 6.14e-05 28866s (1.12s/step)
step 25900/60000 loss 0.0297 lr 6.14e-05 28894s (1.12s/step)
step 25925/60000 loss 0.0302 lr 6.13e-05 28922s (1.12s/step)
step 25950/60000 loss 0.0347 lr 6.13e-05 28950s (1.12s/step)
step 25975/60000 loss 0.0351 lr 6.12e-05 28978s (1.12s/step)
step 26000/60000 loss 0.0358 lr 6.11e-05 29005s (1.12s/step)
step 26025/60000 loss 0.0315 lr 6.11e-05 29040s (1.12s/step)
step 26050/60000 loss 0.0371 lr 6.10e-05 29067s (1.12s/step)
step 26075/60000 loss 0.0317 lr 6.09e-05 29095s (1.12s/step)
step 26100/60000 loss 0.0281 lr 6.09e-05 29123s (1.12s/step)
step 26125/60000 loss 0.0327 lr 6.08e-05 29151s (1.12s/step)
step 26150/60000 loss 0.0305 lr 6.07e-05 29179s (1.12s/step)
step 26175/60000 loss 0.0299 lr 6.07e-05 29206s (1.12s/step)
step 26200/60000 loss 0.0414 lr 6.06e-05 29234s (1.12s/step)
step 26225/60000 loss 0.0342 lr 6.05e-05 29262s (1.12s/step)
step 26250/60000 loss 0.0331 lr 6.05e-05 29290s (1.12s/step)
step 26275/60000 loss 0.0306 lr 6.04e-05 29318s (1.12s/step)
step 26300/60000 loss 0.0305 lr 6.04e-05 29345s (1.12s/step)
step 26325/60000 loss 0.0375 lr 6.03e-05 29373s (1.12s/step)
step 26350/60000 loss 0.0260 lr 6.02e-05 29401s (1.12s/step)
step 26375/60000 loss 0.0318 lr 6.02e-05 29429s (1.12s/step)
step 26400/60000 loss 0.0265 lr 6.01e-05 29457s (1.12s/step)
step 26425/60000 loss 0.0358 lr 6.00e-05 29484s (1.12s/step)
step 26450/60000 loss 0.0311 lr 6.00e-05 29512s (1.12s/step)
step 26475/60000 loss 0.0382 lr 5.99e-05 29540s (1.12s/step)
step 26500/60000 loss 0.0256 lr 5.98e-05 29568s (1.12s/step)
step 26525/60000 loss 0.0289 lr 5.98e-05 29596s (1.12s/step)
step 26550/60000 loss 0.0312 lr 5.97e-05 29623s (1.12s/step)
step 26575/60000 loss 0.0295 lr 5.96e-05 29651s (1.12s/step)
step 26600/60000 loss 0.0306 lr 5.96e-05 29679s (1.12s/step)
step 26625/60000 loss 0.0299 lr 5.95e-05 29707s (1.12s/step)
step 26650/60000 loss 0.0322 lr 5.94e-05 29735s (1.12s/step)
step 26675/60000 loss 0.0382 lr 5.94e-05 29763s (1.12s/step)
step 26700/60000 loss 0.0291 lr 5.93e-05 29790s (1.12s/step)
step 26725/60000 loss 0.0292 lr 5.93e-05 29818s (1.12s/step)
step 26750/60000 loss 0.0350 lr 5.92e-05 29846s (1.12s/step)
step 26775/60000 loss 0.0284 lr 5.91e-05 29874s (1.12s/step)
step 26800/60000 loss 0.0339 lr 5.91e-05 29902s (1.12s/step)
step 26825/60000 loss 0.0313 lr 5.90e-05 29929s (1.12s/step)
step 26850/60000 loss 0.0332 lr 5.89e-05 29957s (1.12s/step)
step 26875/60000 loss 0.0242 lr 5.89e-05 29985s (1.12s/step)
step 26900/60000 loss 0.0344 lr 5.88e-05 30013s (1.12s/step)
step 26925/60000 loss 0.0316 lr 5.87e-05 30041s (1.12s/step)
step 26950/60000 loss 0.0328 lr 5.87e-05 30068s (1.12s/step)
step 26975/60000 loss 0.0230 lr 5.86e-05 30096s (1.12s/step)
step 27000/60000 loss 0.0323 lr 5.85e-05 30124s (1.12s/step)
step 27025/60000 loss 0.0341 lr 5.85e-05 30152s (1.12s/step)
step 27050/60000 loss 0.0348 lr 5.84e-05 30180s (1.12s/step)
step 27075/60000 loss 0.0387 lr 5.83e-05 30208s (1.12s/step)
step 27100/60000 loss 0.0380 lr 5.83e-05 30235s (1.12s/step)
step 27125/60000 loss 0.0318 lr 5.82e-05 30263s (1.12s/step)
step 27150/60000 loss 0.0386 lr 5.81e-05 30291s (1.12s/step)
step 27175/60000 loss 0.0311 lr 5.81e-05 30319s (1.12s/step)
step 27200/60000 loss 0.0299 lr 5.80e-05 30347s (1.12s/step)
step 27225/60000 loss 0.0277 lr 5.80e-05 30374s (1.12s/step)
step 27250/60000 loss 0.0317 lr 5.79e-05 30402s (1.12s/step)
step 27275/60000 loss 0.0335 lr 5.78e-05 30430s (1.12s/step)
step 27300/60000 loss 0.0341 lr 5.78e-05 30458s (1.12s/step)
step 27325/60000 loss 0.0326 lr 5.77e-05 30486s (1.12s/step)
step 27350/60000 loss 0.0298 lr 5.76e-05 30513s (1.12s/step)
step 27375/60000 loss 0.0312 lr 5.76e-05 30541s (1.12s/step)
step 27400/60000 loss 0.0292 lr 5.75e-05 30569s (1.12s/step)
step 27425/60000 loss 0.0304 lr 5.74e-05 30597s (1.12s/step)
step 27450/60000 loss 0.0258 lr 5.74e-05 30625s (1.12s/step)
step 27475/60000 loss 0.0344 lr 5.73e-05 30653s (1.12s/step)
step 27500/60000 loss 0.0385 lr 5.72e-05 30680s (1.12s/step)
step 27525/60000 loss 0.0410 lr 5.72e-05 30708s (1.12s/step)
step 27550/60000 loss 0.0390 lr 5.71e-05 30736s (1.12s/step)
step 27575/60000 loss 0.0322 lr 5.70e-05 30764s (1.12s/step)
step 27600/60000 loss 0.0296 lr 5.70e-05 30792s (1.12s/step)
step 27625/60000 loss 0.0298 lr 5.69e-05 30819s (1.12s/step)
step 27650/60000 loss 0.0357 lr 5.68e-05 30847s (1.12s/step)
step 27675/60000 loss 0.0295 lr 5.68e-05 30875s (1.12s/step)
step 27700/60000 loss 0.0320 lr 5.67e-05 30903s (1.12s/step)
step 27725/60000 loss 0.0349 lr 5.66e-05 30931s (1.12s/step)
step 27750/60000 loss 0.0311 lr 5.66e-05 30958s (1.12s/step)
step 27775/60000 loss 0.0335 lr 5.65e-05 30986s (1.12s/step)
step 27800/60000 loss 0.0294 lr 5.64e-05 31014s (1.12s/step)
step 27825/60000 loss 0.0338 lr 5.64e-05 31042s (1.12s/step)
step 27850/60000 loss 0.0382 lr 5.63e-05 31070s (1.12s/step)
step 27875/60000 loss 0.0392 lr 5.63e-05 31098s (1.12s/step)
step 27900/60000 loss 0.0415 lr 5.62e-05 31125s (1.12s/step)
step 27925/60000 loss 0.0316 lr 5.61e-05 31153s (1.12s/step)
step 27950/60000 loss 0.0403 lr 5.61e-05 31181s (1.12s/step)
step 27975/60000 loss 0.0371 lr 5.60e-05 31209s (1.12s/step)
step 28000/60000 loss 0.0342 lr 5.59e-05 31237s (1.12s/step)
step 28025/60000 loss 0.0341 lr 5.59e-05 31271s (1.12s/step)
step 28050/60000 loss 0.0358 lr 5.58e-05 31299s (1.12s/step)
step 28075/60000 loss 0.0354 lr 5.57e-05 31326s (1.12s/step)
step 28100/60000 loss 0.0343 lr 5.57e-05 31354s (1.12s/step)
step 28125/60000 loss 0.0275 lr 5.56e-05 31382s (1.12s/step)
step 28150/60000 loss 0.0348 lr 5.55e-05 31410s (1.12s/step)
step 28175/60000 loss 0.0312 lr 5.55e-05 31438s (1.12s/step)
step 28200/60000 loss 0.0328 lr 5.54e-05 31465s (1.12s/step)
step 28225/60000 loss 0.0341 lr 5.53e-05 31493s (1.12s/step)
step 28250/60000 loss 0.0344 lr 5.53e-05 31521s (1.12s/step)
step 28275/60000 loss 0.0342 lr 5.52e-05 31549s (1.12s/step)
step 28300/60000 loss 0.0349 lr 5.51e-05 31577s (1.12s/step)
step 28325/60000 loss 0.0309 lr 5.51e-05 31604s (1.12s/step)
step 28350/60000 loss 0.0268 lr 5.50e-05 31632s (1.12s/step)
step 28375/60000 loss 0.0318 lr 5.49e-05 31660s (1.12s/step)
step 28400/60000 loss 0.0284 lr 5.49e-05 31688s (1.12s/step)
step 28425/60000 loss 0.0306 lr 5.48e-05 31716s (1.12s/step)
step 28450/60000 loss 0.0366 lr 5.47e-05 31744s (1.12s/step)
step 28475/60000 loss 0.0337 lr 5.47e-05 31771s (1.12s/step)
step 28500/60000 loss 0.0302 lr 5.46e-05 31799s (1.12s/step)
step 28525/60000 loss 0.0410 lr 5.45e-05 31827s (1.12s/step)
step 28550/60000 loss 0.0474 lr 5.45e-05 31855s (1.12s/step)
step 28575/60000 loss 0.0389 lr 5.44e-05 31883s (1.12s/step)
step 28600/60000 loss 0.0307 lr 5.44e-05 31910s (1.12s/step)
step 28625/60000 loss 0.0325 lr 5.43e-05 31938s (1.12s/step)
step 28650/60000 loss 0.0316 lr 5.42e-05 31966s (1.12s/step)
step 28675/60000 loss 0.0260 lr 5.42e-05 31994s (1.12s/step)
step 28700/60000 loss 0.0323 lr 5.41e-05 32022s (1.12s/step)
step 28725/60000 loss 0.0201 lr 5.40e-05 32049s (1.12s/step)
step 28750/60000 loss 0.0339 lr 5.40e-05 32077s (1.12s/step)
step 28775/60000 loss 0.0276 lr 5.39e-05 32105s (1.12s/step)
step 28800/60000 loss 0.0274 lr 5.38e-05 32133s (1.12s/step)
step 28825/60000 loss 0.0296 lr 5.38e-05 32161s (1.12s/step)
step 28850/60000 loss 0.0339 lr 5.37e-05 32188s (1.12s/step)
step 28875/60000 loss 0.0265 lr 5.36e-05 32216s (1.12s/step)
step 28900/60000 loss 0.0280 lr 5.36e-05 32244s (1.12s/step)
step 28925/60000 loss 0.0363 lr 5.35e-05 32272s (1.12s/step)
step 28950/60000 loss 0.0333 lr 5.34e-05 32300s (1.12s/step)
step 28975/60000 loss 0.0341 lr 5.34e-05 32327s (1.12s/step)
step 29000/60000 loss 0.0386 lr 5.33e-05 32355s (1.12s/step)
step 29025/60000 loss 0.0389 lr 5.32e-05 32383s (1.12s/step)
step 29050/60000 loss 0.0376 lr 5.32e-05 32411s (1.12s/step)
step 29075/60000 loss 0.0326 lr 5.31e-05 32439s (1.12s/step)
step 29100/60000 loss 0.0323 lr 5.30e-05 32466s (1.12s/step)
step 29125/60000 loss 0.0299 lr 5.30e-05 32494s (1.12s/step)
step 29150/60000 loss 0.0349 lr 5.29e-05 32522s (1.12s/step)
step 29175/60000 loss 0.0308 lr 5.28e-05 32550s (1.12s/step)
step 29200/60000 loss 0.0272 lr 5.28e-05 32578s (1.12s/step)
step 29225/60000 loss 0.0288 lr 5.27e-05 32605s (1.12s/step)
step 29250/60000 loss 0.0376 lr 5.26e-05 32633s (1.12s/step)
step 29275/60000 loss 0.0373 lr 5.26e-05 32661s (1.12s/step)
step 29300/60000 loss 0.0281 lr 5.25e-05 32689s (1.12s/step)
step 29325/60000 loss 0.0393 lr 5.24e-05 32717s (1.12s/step)
step 29350/60000 loss 0.0248 lr 5.24e-05 32745s (1.12s/step)
step 29375/60000 loss 0.0326 lr 5.23e-05 32772s (1.12s/step)
step 29400/60000 loss 0.0324 lr 5.22e-05 32800s (1.12s/step)
step 29425/60000 loss 0.0418 lr 5.22e-05 32828s (1.12s/step)
step 29450/60000 loss 0.0379 lr 5.21e-05 32856s (1.12s/step)
step 29475/60000 loss 0.0304 lr 5.20e-05 32884s (1.12s/step)
step 29500/60000 loss 0.0330 lr 5.20e-05 32911s (1.12s/step)
step 29525/60000 loss 0.0338 lr 5.19e-05 32939s (1.12s/step)
step 29550/60000 loss 0.0316 lr 5.18e-05 32967s (1.12s/step)
step 29575/60000 loss 0.0362 lr 5.18e-05 32995s (1.12s/step)
step 29600/60000 loss 0.0312 lr 5.17e-05 33023s (1.12s/step)
step 29625/60000 loss 0.0290 lr 5.16e-05 33050s (1.12s/step)
step 29650/60000 loss 0.0292 lr 5.16e-05 33078s (1.12s/step)
step 29675/60000 loss 0.0378 lr 5.15e-05 33106s (1.12s/step)
step 29700/60000 loss 0.0291 lr 5.15e-05 33134s (1.12s/step)
step 29725/60000 loss 0.0368 lr 5.14e-05 33162s (1.12s/step)
step 29750/60000 loss 0.0303 lr 5.13e-05 33189s (1.12s/step)
step 29775/60000 loss 0.0253 lr 5.13e-05 33217s (1.12s/step)
step 29800/60000 loss 0.0354 lr 5.12e-05 33245s (1.12s/step)
step 29825/60000 loss 0.0290 lr 5.11e-05 33273s (1.12s/step)
step 29850/60000 loss 0.0378 lr 5.11e-05 33301s (1.12s/step)
step 29875/60000 loss 0.0299 lr 5.10e-05 33329s (1.12s/step)
step 29900/60000 loss 0.0293 lr 5.09e-05 33356s (1.12s/step)
step 29925/60000 loss 0.0290 lr 5.09e-05 33384s (1.12s/step)
step 29950/60000 loss 0.0337 lr 5.08e-05 33412s (1.12s/step)
step 29975/60000 loss 0.0317 lr 5.07e-05 33440s (1.12s/step)
step 30000/60000 loss 0.0331 lr 5.07e-05 33468s (1.12s/step)
step 30025/60000 loss 0.0305 lr 5.06e-05 33502s (1.12s/step)
step 30050/60000 loss 0.0344 lr 5.05e-05 33530s (1.12s/step)
step 30075/60000 loss 0.0289 lr 5.05e-05 33557s (1.12s/step)
step 30100/60000 loss 0.0314 lr 5.04e-05 33585s (1.12s/step)
step 30125/60000 loss 0.0355 lr 5.03e-05 33613s (1.12s/step)
step 30150/60000 loss 0.0276 lr 5.03e-05 33641s (1.12s/step)
step 30175/60000 loss 0.0313 lr 5.02e-05 33669s (1.12s/step)
step 30200/60000 loss 0.0294 lr 5.01e-05 33696s (1.12s/step)
step 30225/60000 loss 0.0311 lr 5.01e-05 33724s (1.12s/step)
step 30250/60000 loss 0.0421 lr 5.00e-05 33752s (1.12s/step)
step 30275/60000 loss 0.0278 lr 4.99e-05 33780s (1.12s/step)
step 30300/60000 loss 0.0343 lr 4.99e-05 33808s (1.12s/step)
step 30325/60000 loss 0.0375 lr 4.98e-05 33836s (1.12s/step)
step 30350/60000 loss 0.0312 lr 4.97e-05 33863s (1.12s/step)
step 30375/60000 loss 0.0312 lr 4.97e-05 33891s (1.12s/step)
step 30400/60000 loss 0.0293 lr 4.96e-05 33919s (1.12s/step)
step 30425/60000 loss 0.0269 lr 4.95e-05 33947s (1.12s/step)
step 30450/60000 loss 0.0307 lr 4.95e-05 33975s (1.12s/step)
step 30475/60000 loss 0.0380 lr 4.94e-05 34002s (1.12s/step)
step 30500/60000 loss 0.0308 lr 4.93e-05 34030s (1.12s/step)
step 30525/60000 loss 0.0340 lr 4.93e-05 34058s (1.12s/step)
step 30550/60000 loss 0.0318 lr 4.92e-05 34086s (1.12s/step)
step 30575/60000 loss 0.0278 lr 4.91e-05 34114s (1.12s/step)
step 30600/60000 loss 0.0290 lr 4.91e-05 34142s (1.12s/step)
step 30625/60000 loss 0.0309 lr 4.90e-05 34169s (1.12s/step)
step 30650/60000 loss 0.0265 lr 4.89e-05 34197s (1.12s/step)
step 30675/60000 loss 0.0276 lr 4.89e-05 34225s (1.12s/step)
step 30700/60000 loss 0.0314 lr 4.88e-05 34253s (1.12s/step)
step 30725/60000 loss 0.0302 lr 4.87e-05 34281s (1.12s/step)
step 30750/60000 loss 0.0240 lr 4.87e-05 34308s (1.12s/step)
step 30775/60000 loss 0.0323 lr 4.86e-05 34336s (1.12s/step)
step 30800/60000 loss 0.0317 lr 4.85e-05 34364s (1.12s/step)
step 30825/60000 loss 0.0341 lr 4.85e-05 34392s (1.12s/step)
step 30850/60000 loss 0.0355 lr 4.84e-05 34420s (1.12s/step)
step 30875/60000 loss 0.0357 lr 4.84e-05 34447s (1.12s/step)
step 30900/60000 loss 0.0289 lr 4.83e-05 34475s (1.12s/step)
step 30925/60000 loss 0.0272 lr 4.82e-05 34503s (1.12s/step)
step 30950/60000 loss 0.0345 lr 4.82e-05 34531s (1.12s/step)
step 30975/60000 loss 0.0419 lr 4.81e-05 34559s (1.12s/step)
step 31000/60000 loss 0.0374 lr 4.80e-05 34587s (1.12s/step)
step 31025/60000 loss 0.0299 lr 4.80e-05 34614s (1.12s/step)
step 31050/60000 loss 0.0341 lr 4.79e-05 34642s (1.12s/step)
step 31075/60000 loss 0.0326 lr 4.78e-05 34670s (1.12s/step)
step 31100/60000 loss 0.0237 lr 4.78e-05 34698s (1.12s/step)
step 31125/60000 loss 0.0306 lr 4.77e-05 34726s (1.12s/step)
step 31150/60000 loss 0.0277 lr 4.76e-05 34753s (1.12s/step)
step 31175/60000 loss 0.0318 lr 4.76e-05 34781s (1.12s/step)
step 31200/60000 loss 0.0344 lr 4.75e-05 34809s (1.12s/step)
step 31225/60000 loss 0.0389 lr 4.74e-05 34837s (1.12s/step)
step 31250/60000 loss 0.0354 lr 4.74e-05 34865s (1.12s/step)
step 31275/60000 loss 0.0294 lr 4.73e-05 34893s (1.12s/step)
step 31300/60000 loss 0.0349 lr 4.72e-05 34920s (1.12s/step)
step 31325/60000 loss 0.0333 lr 4.72e-05 34948s (1.12s/step)
step 31350/60000 loss 0.0371 lr 4.71e-05 34976s (1.12s/step)
step 31375/60000 loss 0.0317 lr 4.70e-05 35004s (1.12s/step)
step 31400/60000 loss 0.0357 lr 4.70e-05 35032s (1.12s/step)
step 31425/60000 loss 0.0283 lr 4.69e-05 35059s (1.12s/step)
step 31450/60000 loss 0.0277 lr 4.68e-05 35087s (1.12s/step)
step 31475/60000 loss 0.0392 lr 4.68e-05 35115s (1.12s/step)
step 31500/60000 loss 0.0389 lr 4.67e-05 35143s (1.12s/step)
step 31525/60000 loss 0.0368 lr 4.66e-05 35171s (1.12s/step)
step 31550/60000 loss 0.0262 lr 4.66e-05 35198s (1.12s/step)
step 31575/60000 loss 0.0277 lr 4.65e-05 35226s (1.12s/step)
step 31600/60000 loss 0.0321 lr 4.64e-05 35254s (1.12s/step)
step 31625/60000 loss 0.0326 lr 4.64e-05 35282s (1.12s/step)
step 31650/60000 loss 0.0305 lr 4.63e-05 35310s (1.12s/step)
step 31675/60000 loss 0.0336 lr 4.62e-05 35337s (1.12s/step)
step 31700/60000 loss 0.0326 lr 4.62e-05 35365s (1.12s/step)
step 31725/60000 loss 0.0254 lr 4.61e-05 35393s (1.12s/step)
step 31750/60000 loss 0.0310 lr 4.60e-05 35421s (1.12s/step)
step 31775/60000 loss 0.0308 lr 4.60e-05 35449s (1.12s/step)
step 31800/60000 loss 0.0279 lr 4.59e-05 35477s (1.12s/step)
step 31825/60000 loss 0.0291 lr 4.58e-05 35504s (1.12s/step)
step 31850/60000 loss 0.0316 lr 4.58e-05 35532s (1.12s/step)
step 31875/60000 loss 0.0293 lr 4.57e-05 35560s (1.12s/step)
step 31900/60000 loss 0.0321 lr 4.56e-05 35588s (1.12s/step)
step 31925/60000 loss 0.0380 lr 4.56e-05 35616s (1.12s/step)
step 31950/60000 loss 0.0361 lr 4.55e-05 35643s (1.12s/step)
step 31975/60000 loss 0.0340 lr 4.55e-05 35671s (1.12s/step)
step 32000/60000 loss 0.0379 lr 4.54e-05 35699s (1.12s/step)
step 32025/60000 loss 0.0356 lr 4.53e-05 35733s (1.12s/step)
step 32050/60000 loss 0.0366 lr 4.53e-05 35761s (1.12s/step)
step 32075/60000 loss 0.0299 lr 4.52e-05 35789s (1.12s/step)
step 32100/60000 loss 0.0339 lr 4.51e-05 35817s (1.12s/step)
step 32125/60000 loss 0.0386 lr 4.51e-05 35844s (1.12s/step)
step 32150/60000 loss 0.0300 lr 4.50e-05 35872s (1.12s/step)
step 32175/60000 loss 0.0347 lr 4.49e-05 35900s (1.12s/step)
step 32200/60000 loss 0.0407 lr 4.49e-05 35928s (1.12s/step)
step 32225/60000 loss 0.0323 lr 4.48e-05 35956s (1.12s/step)
step 32250/60000 loss 0.0306 lr 4.47e-05 35983s (1.12s/step)
step 32275/60000 loss 0.0311 lr 4.47e-05 36011s (1.12s/step)
step 32300/60000 loss 0.0339 lr 4.46e-05 36039s (1.12s/step)
step 32325/60000 loss 0.0287 lr 4.45e-05 36067s (1.12s/step)
step 32350/60000 loss 0.0293 lr 4.45e-05 36095s (1.12s/step)
step 32375/60000 loss 0.0345 lr 4.44e-05 36123s (1.12s/step)
step 32400/60000 loss 0.0372 lr 4.43e-05 36150s (1.12s/step)
step 32425/60000 loss 0.0265 lr 4.43e-05 36178s (1.12s/step)
step 32450/60000 loss 0.0278 lr 4.42e-05 36206s (1.12s/step)
step 32475/60000 loss 0.0290 lr 4.41e-05 36234s (1.12s/step)
step 32500/60000 loss 0.0315 lr 4.41e-05 36262s (1.12s/step)
step 32525/60000 loss 0.0299 lr 4.40e-05 36289s (1.12s/step)
step 32550/60000 loss 0.0326 lr 4.39e-05 36317s (1.12s/step)
step 32575/60000 loss 0.0310 lr 4.39e-05 36345s (1.12s/step)
step 32600/60000 loss 0.0307 lr 4.38e-05 36373s (1.12s/step)
step 32625/60000 loss 0.0310 lr 4.37e-05 36401s (1.12s/step)
step 32650/60000 loss 0.0301 lr 4.37e-05 36428s (1.12s/step)
step 32675/60000 loss 0.0327 lr 4.36e-05 36456s (1.12s/step)
step 32700/60000 loss 0.0285 lr 4.36e-05 36484s (1.12s/step)
step 32725/60000 loss 0.0246 lr 4.35e-05 36512s (1.12s/step)
step 32750/60000 loss 0.0385 lr 4.34e-05 36540s (1.12s/step)
step 32775/60000 loss 0.0295 lr 4.34e-05 36568s (1.12s/step)
step 32800/60000 loss 0.0294 lr 4.33e-05 36595s (1.12s/step)
step 32825/60000 loss 0.0289 lr 4.32e-05 36623s (1.12s/step)
step 32850/60000 loss 0.0309 lr 4.32e-05 36651s (1.12s/step)
step 32875/60000 loss 0.0319 lr 4.31e-05 36679s (1.12s/step)
step 32900/60000 loss 0.0291 lr 4.30e-05 36707s (1.12s/step)
step 32925/60000 loss 0.0364 lr 4.30e-05 36734s (1.12s/step)
step 32950/60000 loss 0.0270 lr 4.29e-05 36762s (1.12s/step)
step 32975/60000 loss 0.0340 lr 4.28e-05 36790s (1.12s/step)
step 33000/60000 loss 0.0303 lr 4.28e-05 36818s (1.12s/step)
step 33025/60000 loss 0.0290 lr 4.27e-05 36846s (1.12s/step)
step 33050/60000 loss 0.0267 lr 4.26e-05 36873s (1.12s/step)
step 33075/60000 loss 0.0345 lr 4.26e-05 36901s (1.12s/step)
step 33100/60000 loss 0.0285 lr 4.25e-05 36929s (1.12s/step)
step 33125/60000 loss 0.0312 lr 4.24e-05 36957s (1.12s/step)
step 33150/60000 loss 0.0292 lr 4.24e-05 36985s (1.12s/step)
step 33175/60000 loss 0.0295 lr 4.23e-05 37013s (1.12s/step)
step 33200/60000 loss 0.0323 lr 4.22e-05 37040s (1.12s/step)
step 33225/60000 loss 0.0344 lr 4.22e-05 37068s (1.12s/step)
step 33250/60000 loss 0.0326 lr 4.21e-05 37096s (1.12s/step)
step 33275/60000 loss 0.0382 lr 4.20e-05 37124s (1.12s/step)
step 33300/60000 loss 0.0320 lr 4.20e-05 37152s (1.12s/step)
step 33325/60000 loss 0.0389 lr 4.19e-05 37179s (1.12s/step)
step 33350/60000 loss 0.0351 lr 4.19e-05 37207s (1.12s/step)
step 33375/60000 loss 0.0364 lr 4.18e-05 37235s (1.12s/step)
step 33400/60000 loss 0.0378 lr 4.17e-05 37263s (1.12s/step)
step 33425/60000 loss 0.0350 lr 4.17e-05 37291s (1.12s/step)
step 33450/60000 loss 0.0347 lr 4.16e-05 37318s (1.12s/step)
step 33475/60000 loss 0.0241 lr 4.15e-05 37346s (1.12s/step)
step 33500/60000 loss 0.0296 lr 4.15e-05 37374s (1.12s/step)
step 33525/60000 loss 0.0346 lr 4.14e-05 37402s (1.12s/step)
step 33550/60000 loss 0.0267 lr 4.13e-05 37430s (1.12s/step)
step 33575/60000 loss 0.0320 lr 4.13e-05 37458s (1.12s/step)
step 33600/60000 loss 0.0296 lr 4.12e-05 37485s (1.12s/step)
step 33625/60000 loss 0.0353 lr 4.11e-05 37513s (1.12s/step)
step 33650/60000 loss 0.0268 lr 4.11e-05 37541s (1.12s/step)
step 33675/60000 loss 0.0363 lr 4.10e-05 37569s (1.12s/step)
step 33700/60000 loss 0.0306 lr 4.09e-05 37597s (1.12s/step)
step 33725/60000 loss 0.0297 lr 4.09e-05 37624s (1.12s/step)
step 33750/60000 loss 0.0352 lr 4.08e-05 37652s (1.12s/step)
step 33775/60000 loss 0.0277 lr 4.07e-05 37680s (1.12s/step)
step 33800/60000 loss 0.0276 lr 4.07e-05 37708s (1.12s/step)
step 33825/60000 loss 0.0335 lr 4.06e-05 37736s (1.12s/step)
step 33850/60000 loss 0.0277 lr 4.06e-05 37763s (1.12s/step)
step 33875/60000 loss 0.0348 lr 4.05e-05 37791s (1.12s/step)
step 33900/60000 loss 0.0403 lr 4.04e-05 37819s (1.12s/step)
step 33925/60000 loss 0.0321 lr 4.04e-05 37847s (1.12s/step)
step 33950/60000 loss 0.0266 lr 4.03e-05 37875s (1.12s/step)
step 33975/60000 loss 0.0313 lr 4.02e-05 37902s (1.12s/step)
step 34000/60000 loss 0.0371 lr 4.02e-05 37930s (1.12s/step)
step 34025/60000 loss 0.0343 lr 4.01e-05 37965s (1.12s/step)
step 34050/60000 loss 0.0308 lr 4.00e-05 37992s (1.12s/step)
step 34075/60000 loss 0.0297 lr 4.00e-05 38020s (1.12s/step)
step 34100/60000 loss 0.0303 lr 3.99e-05 38048s (1.12s/step)
step 34125/60000 loss 0.0293 lr 3.98e-05 38076s (1.12s/step)
step 34150/60000 loss 0.0300 lr 3.98e-05 38104s (1.12s/step)
step 34175/60000 loss 0.0325 lr 3.97e-05 38131s (1.12s/step)
step 34200/60000 loss 0.0454 lr 3.96e-05 38159s (1.12s/step)
step 34225/60000 loss 0.0340 lr 3.96e-05 38187s (1.12s/step)
step 34250/60000 loss 0.0371 lr 3.95e-05 38215s (1.12s/step)
step 34275/60000 loss 0.0317 lr 3.95e-05 38243s (1.12s/step)
step 34300/60000 loss 0.0351 lr 3.94e-05 38270s (1.12s/step)
step 34325/60000 loss 0.0350 lr 3.93e-05 38298s (1.12s/step)
step 34350/60000 loss 0.0334 lr 3.93e-05 38326s (1.12s/step)
step 34375/60000 loss 0.0278 lr 3.92e-05 38354s (1.12s/step)
step 34400/60000 loss 0.0325 lr 3.91e-05 38382s (1.12s/step)
step 34425/60000 loss 0.0330 lr 3.91e-05 38410s (1.12s/step)
step 34450/60000 loss 0.0294 lr 3.90e-05 38437s (1.12s/step)
step 34475/60000 loss 0.0360 lr 3.89e-05 38465s (1.12s/step)
step 34500/60000 loss 0.0322 lr 3.89e-05 38493s (1.12s/step)
step 34525/60000 loss 0.0333 lr 3.88e-05 38521s (1.12s/step)
step 34550/60000 loss 0.0265 lr 3.87e-05 38549s (1.12s/step)
step 34575/60000 loss 0.0279 lr 3.87e-05 38577s (1.12s/step)
step 34600/60000 loss 0.0348 lr 3.86e-05 38605s (1.12s/step)
step 34625/60000 loss 0.0323 lr 3.86e-05 38632s (1.12s/step)
step 34650/60000 loss 0.0315 lr 3.85e-05 38660s (1.12s/step)
step 34675/60000 loss 0.0321 lr 3.84e-05 38688s (1.12s/step)
step 34700/60000 loss 0.0312 lr 3.84e-05 38716s (1.12s/step)
step 34725/60000 loss 0.0311 lr 3.83e-05 38744s (1.12s/step)
step 34750/60000 loss 0.0366 lr 3.82e-05 38771s (1.12s/step)
step 34775/60000 loss 0.0318 lr 3.82e-05 38799s (1.12s/step)
step 34800/60000 loss 0.0297 lr 3.81e-05 38827s (1.12s/step)
step 34825/60000 loss 0.0356 lr 3.80e-05 38855s (1.12s/step)
step 34850/60000 loss 0.0348 lr 3.80e-05 38883s (1.12s/step)
step 34875/60000 loss 0.0416 lr 3.79e-05 38910s (1.12s/step)
step 34900/60000 loss 0.0333 lr 3.78e-05 38939s (1.12s/step)
step 34925/60000 loss 0.0369 lr 3.78e-05 38967s (1.12s/step)
step 34950/60000 loss 0.0384 lr 3.77e-05 38995s (1.12s/step)
step 34975/60000 loss 0.0276 lr 3.77e-05 39022s (1.12s/step)
step 35000/60000 loss 0.0316 lr 3.76e-05 39050s (1.12s/step)
step 35025/60000 loss 0.0322 lr 3.75e-05 39078s (1.12s/step)
step 35050/60000 loss 0.0372 lr 3.75e-05 39106s (1.12s/step)
step 35075/60000 loss 0.0256 lr 3.74e-05 39134s (1.12s/step)
step 35100/60000 loss 0.0387 lr 3.73e-05 39161s (1.12s/step)
step 35125/60000 loss 0.0357 lr 3.73e-05 39189s (1.12s/step)
step 35150/60000 loss 0.0317 lr 3.72e-05 39217s (1.12s/step)
step 35175/60000 loss 0.0359 lr 3.71e-05 39245s (1.12s/step)
step 35200/60000 loss 0.0308 lr 3.71e-05 39273s (1.12s/step)
step 35225/60000 loss 0.0365 lr 3.70e-05 39300s (1.12s/step)
step 35250/60000 loss 0.0294 lr 3.70e-05 39328s (1.12s/step)
step 35275/60000 loss 0.0242 lr 3.69e-05 39356s (1.12s/step)
step 35300/60000 loss 0.0341 lr 3.68e-05 39384s (1.12s/step)
step 35325/60000 loss 0.0351 lr 3.68e-05 39412s (1.12s/step)
step 35350/60000 loss 0.0308 lr 3.67e-05 39440s (1.12s/step)
step 35375/60000 loss 0.0336 lr 3.66e-05 39467s (1.12s/step)
step 35400/60000 loss 0.0320 lr 3.66e-05 39495s (1.12s/step)
step 35425/60000 loss 0.0317 lr 3.65e-05 39523s (1.12s/step)
step 35450/60000 loss 0.0315 lr 3.64e-05 39551s (1.12s/step)
step 35475/60000 loss 0.0317 lr 3.64e-05 39579s (1.12s/step)
step 35500/60000 loss 0.0264 lr 3.63e-05 39606s (1.12s/step)
step 35525/60000 loss 0.0249 lr 3.63e-05 39634s (1.12s/step)
step 35550/60000 loss 0.0306 lr 3.62e-05 39662s (1.12s/step)
step 35575/60000 loss 0.0281 lr 3.61e-05 39690s (1.12s/step)
step 35600/60000 loss 0.0268 lr 3.61e-05 39718s (1.12s/step)
step 35625/60000 loss 0.0294 lr 3.60e-05 39745s (1.12s/step)
step 35650/60000 loss 0.0329 lr 3.59e-05 39773s (1.12s/step)
step 35675/60000 loss 0.0342 lr 3.59e-05 39801s (1.12s/step)
step 35700/60000 loss 0.0332 lr 3.58e-05 39829s (1.12s/step)
step 35725/60000 loss 0.0259 lr 3.57e-05 39857s (1.12s/step)
step 35750/60000 loss 0.0372 lr 3.57e-05 39885s (1.12s/step)
step 35775/60000 loss 0.0381 lr 3.56e-05 39912s (1.12s/step)
step 35800/60000 loss 0.0338 lr 3.56e-05 39940s (1.12s/step)
step 35825/60000 loss 0.0360 lr 3.55e-05 39968s (1.12s/step)
step 35850/60000 loss 0.0334 lr 3.54e-05 39996s (1.12s/step)
step 35875/60000 loss 0.0298 lr 3.54e-05 40024s (1.12s/step)
step 35900/60000 loss 0.0361 lr 3.53e-05 40051s (1.12s/step)
step 35925/60000 loss 0.0350 lr 3.52e-05 40079s (1.12s/step)
step 35950/60000 loss 0.0273 lr 3.52e-05 40107s (1.12s/step)
step 35975/60000 loss 0.0298 lr 3.51e-05 40135s (1.12s/step)
step 36000/60000 loss 0.0302 lr 3.51e-05 40163s (1.12s/step)
step 36025/60000 loss 0.0368 lr 3.50e-05 40197s (1.12s/step)
step 36050/60000 loss 0.0305 lr 3.49e-05 40225s (1.12s/step)
step 36075/60000 loss 0.0352 lr 3.49e-05 40252s (1.12s/step)
step 36100/60000 loss 0.0325 lr 3.48e-05 40280s (1.12s/step)
step 36125/60000 loss 0.0299 lr 3.47e-05 40308s (1.12s/step)
step 36150/60000 loss 0.0299 lr 3.47e-05 40336s (1.12s/step)
step 36175/60000 loss 0.0342 lr 3.46e-05 40364s (1.12s/step)
step 36200/60000 loss 0.0437 lr 3.45e-05 40392s (1.12s/step)
step 36225/60000 loss 0.0313 lr 3.45e-05 40419s (1.12s/step)
step 36250/60000 loss 0.0306 lr 3.44e-05 40447s (1.12s/step)
step 36275/60000 loss 0.0344 lr 3.44e-05 40475s (1.12s/step)
step 36300/60000 loss 0.0361 lr 3.43e-05 40503s (1.12s/step)
step 36325/60000 loss 0.0337 lr 3.42e-05 40531s (1.12s/step)
step 36350/60000 loss 0.0353 lr 3.42e-05 40558s (1.12s/step)
step 36375/60000 loss 0.0254 lr 3.41e-05 40586s (1.12s/step)
step 36400/60000 loss 0.0408 lr 3.40e-05 40614s (1.12s/step)
step 36425/60000 loss 0.0356 lr 3.40e-05 40642s (1.12s/step)
step 36450/60000 loss 0.0329 lr 3.39e-05 40670s (1.12s/step)
step 36475/60000 loss 0.0323 lr 3.39e-05 40697s (1.12s/step)
step 36500/60000 loss 0.0365 lr 3.38e-05 40725s (1.12s/step)
step 36525/60000 loss 0.0322 lr 3.37e-05 40753s (1.12s/step)
step 36550/60000 loss 0.0404 lr 3.37e-05 40781s (1.12s/step)
step 36575/60000 loss 0.0319 lr 3.36e-05 40809s (1.12s/step)
step 36600/60000 loss 0.0331 lr 3.35e-05 40837s (1.12s/step)
step 36625/60000 loss 0.0397 lr 3.35e-05 40864s (1.12s/step)
step 36650/60000 loss 0.0306 lr 3.34e-05 40892s (1.12s/step)
step 36675/60000 loss 0.0344 lr 3.34e-05 40920s (1.12s/step)
step 36700/60000 loss 0.0330 lr 3.33e-05 40948s (1.12s/step)
step 36725/60000 loss 0.0298 lr 3.32e-05 40976s (1.12s/step)
step 36750/60000 loss 0.0259 lr 3.32e-05 41003s (1.12s/step)
step 36775/60000 loss 0.0338 lr 3.31e-05 41031s (1.12s/step)
step 36800/60000 loss 0.0305 lr 3.31e-05 41059s (1.12s/step)
step 36825/60000 loss 0.0281 lr 3.30e-05 41087s (1.12s/step)
step 36850/60000 loss 0.0332 lr 3.29e-05 41115s (1.12s/step)
step 36875/60000 loss 0.0280 lr 3.29e-05 41142s (1.12s/step)
step 36900/60000 loss 0.0323 lr 3.28e-05 41170s (1.12s/step)
step 36925/60000 loss 0.0281 lr 3.27e-05 41198s (1.12s/step)
step 36950/60000 loss 0.0393 lr 3.27e-05 41226s (1.12s/step)
step 36975/60000 loss 0.0344 lr 3.26e-05 41254s (1.12s/step)
step 37000/60000 loss 0.0401 lr 3.26e-05 41281s (1.12s/step)
step 37025/60000 loss 0.0292 lr 3.25e-05 41309s (1.12s/step)
step 37050/60000 loss 0.0350 lr 3.24e-05 41337s (1.12s/step)
step 37075/60000 loss 0.0389 lr 3.24e-05 41365s (1.12s/step)
step 37100/60000 loss 0.0377 lr 3.23e-05 41393s (1.12s/step)
step 37125/60000 loss 0.0277 lr 3.22e-05 41420s (1.12s/step)
step 37150/60000 loss 0.0325 lr 3.22e-05 41448s (1.12s/step)
step 37175/60000 loss 0.0314 lr 3.21e-05 41476s (1.12s/step)
step 37200/60000 loss 0.0329 lr 3.21e-05 41504s (1.12s/step)
step 37225/60000 loss 0.0341 lr 3.20e-05 41532s (1.12s/step)
step 37250/60000 loss 0.0253 lr 3.19e-05 41559s (1.12s/step)
step 37275/60000 loss 0.0350 lr 3.19e-05 41587s (1.12s/step)
step 37300/60000 loss 0.0322 lr 3.18e-05 41615s (1.12s/step)
step 37325/60000 loss 0.0339 lr 3.18e-05 41643s (1.12s/step)
step 37350/60000 loss 0.0350 lr 3.17e-05 41671s (1.12s/step)
step 37375/60000 loss 0.0275 lr 3.16e-05 41698s (1.12s/step)
step 37400/60000 loss 0.0365 lr 3.16e-05 41726s (1.12s/step)
step 37425/60000 loss 0.0349 lr 3.15e-05 41754s (1.12s/step)
step 37450/60000 loss 0.0382 lr 3.14e-05 41782s (1.12s/step)
step 37475/60000 loss 0.0266 lr 3.14e-05 41810s (1.12s/step)
step 37500/60000 loss 0.0293 lr 3.13e-05 41838s (1.12s/step)
step 37525/60000 loss 0.0295 lr 3.13e-05 41865s (1.12s/step)
step 37550/60000 loss 0.0308 lr 3.12e-05 41893s (1.12s/step)
step 37575/60000 loss 0.0301 lr 3.11e-05 41921s (1.12s/step)
step 37600/60000 loss 0.0326 lr 3.11e-05 41949s (1.12s/step)
step 37625/60000 loss 0.0379 lr 3.10e-05 41977s (1.12s/step)
step 37650/60000 loss 0.0413 lr 3.10e-05 42004s (1.12s/step)
step 37675/60000 loss 0.0305 lr 3.09e-05 42032s (1.12s/step)
step 37700/60000 loss 0.0289 lr 3.08e-05 42060s (1.12s/step)
step 37725/60000 loss 0.0360 lr 3.08e-05 42088s (1.12s/step)
step 37750/60000 loss 0.0306 lr 3.07e-05 42116s (1.12s/step)
step 37775/60000 loss 0.0379 lr 3.07e-05 42143s (1.12s/step)
step 37800/60000 loss 0.0336 lr 3.06e-05 42171s (1.12s/step)
step 37825/60000 loss 0.0285 lr 3.05e-05 42199s (1.12s/step)
step 37850/60000 loss 0.0368 lr 3.05e-05 42227s (1.12s/step)
step 37875/60000 loss 0.0306 lr 3.04e-05 42255s (1.12s/step)
step 37900/60000 loss 0.0287 lr 3.03e-05 42282s (1.12s/step)
step 37925/60000 loss 0.0349 lr 3.03e-05 42310s (1.12s/step)
step 37950/60000 loss 0.0400 lr 3.02e-05 42338s (1.12s/step)
step 37975/60000 loss 0.0318 lr 3.02e-05 42366s (1.12s/step)
step 38000/60000 loss 0.0318 lr 3.01e-05 42394s (1.12s/step)
step 38025/60000 loss 0.0334 lr 3.00e-05 42428s (1.12s/step)
step 38050/60000 loss 0.0240 lr 3.00e-05 42456s (1.12s/step)
step 38075/60000 loss 0.0359 lr 2.99e-05 42483s (1.12s/step)
step 38100/60000 loss 0.0303 lr 2.99e-05 42511s (1.12s/step)
step 38125/60000 loss 0.0300 lr 2.98e-05 42539s (1.12s/step)
step 38150/60000 loss 0.0312 lr 2.97e-05 42567s (1.12s/step)
step 38175/60000 loss 0.0302 lr 2.97e-05 42595s (1.12s/step)
step 38200/60000 loss 0.0337 lr 2.96e-05 42622s (1.12s/step)
step 38225/60000 loss 0.0306 lr 2.96e-05 42650s (1.12s/step)
step 38250/60000 loss 0.0354 lr 2.95e-05 42678s (1.12s/step)
step 38275/60000 loss 0.0318 lr 2.94e-05 42706s (1.12s/step)
step 38300/60000 loss 0.0322 lr 2.94e-05 42734s (1.12s/step)
step 38325/60000 loss 0.0356 lr 2.93e-05 42761s (1.12s/step)
step 38350/60000 loss 0.0291 lr 2.93e-05 42789s (1.12s/step)
step 38375/60000 loss 0.0259 lr 2.92e-05 42817s (1.12s/step)
step 38400/60000 loss 0.0261 lr 2.91e-05 42845s (1.12s/step)
step 38425/60000 loss 0.0345 lr 2.91e-05 42873s (1.12s/step)
step 38450/60000 loss 0.0346 lr 2.90e-05 42901s (1.12s/step)
step 38475/60000 loss 0.0281 lr 2.90e-05 42928s (1.12s/step)
step 38500/60000 loss 0.0338 lr 2.89e-05 42956s (1.12s/step)
step 38525/60000 loss 0.0341 lr 2.88e-05 42984s (1.12s/step)
step 38550/60000 loss 0.0369 lr 2.88e-05 43012s (1.12s/step)
step 38575/60000 loss 0.0299 lr 2.87e-05 43040s (1.12s/step)
step 38600/60000 loss 0.0260 lr 2.87e-05 43067s (1.12s/step)
step 38625/60000 loss 0.0346 lr 2.86e-05 43095s (1.12s/step)
step 38650/60000 loss 0.0303 lr 2.85e-05 43123s (1.12s/step)
step 38675/60000 loss 0.0320 lr 2.85e-05 43151s (1.12s/step)
step 38700/60000 loss 0.0370 lr 2.84e-05 43178s (1.12s/step)
step 38725/60000 loss 0.0259 lr 2.84e-05 43206s (1.12s/step)
step 38750/60000 loss 0.0305 lr 2.83e-05 43234s (1.12s/step)
step 38775/60000 loss 0.0339 lr 2.82e-05 43262s (1.12s/step)
step 38800/60000 loss 0.0285 lr 2.82e-05 43290s (1.12s/step)
step 38825/60000 loss 0.0291 lr 2.81e-05 43318s (1.12s/step)
step 38850/60000 loss 0.0305 lr 2.81e-05 43345s (1.12s/step)
step 38875/60000 loss 0.0311 lr 2.80e-05 43373s (1.12s/step)
step 38900/60000 loss 0.0305 lr 2.79e-05 43401s (1.12s/step)
step 38925/60000 loss 0.0318 lr 2.79e-05 43429s (1.12s/step)
step 38950/60000 loss 0.0291 lr 2.78e-05 43457s (1.12s/step)
step 38975/60000 loss 0.0327 lr 2.78e-05 43484s (1.12s/step)
step 39000/60000 loss 0.0269 lr 2.77e-05 43512s (1.12s/step)
step 39025/60000 loss 0.0327 lr 2.77e-05 43540s (1.12s/step)
step 39050/60000 loss 0.0275 lr 2.76e-05 43568s (1.12s/step)
step 39075/60000 loss 0.0339 lr 2.75e-05 43596s (1.12s/step)
step 39100/60000 loss 0.0393 lr 2.75e-05 43623s (1.12s/step)
step 39125/60000 loss 0.0301 lr 2.74e-05 43651s (1.12s/step)
step 39150/60000 loss 0.0300 lr 2.74e-05 43679s (1.12s/step)
step 39175/60000 loss 0.0277 lr 2.73e-05 43707s (1.12s/step)
step 39200/60000 loss 0.0271 lr 2.72e-05 43735s (1.12s/step)
step 39225/60000 loss 0.0336 lr 2.72e-05 43763s (1.12s/step)
step 39250/60000 loss 0.0338 lr 2.71e-05 43790s (1.12s/step)
step 39275/60000 loss 0.0286 lr 2.71e-05 43818s (1.12s/step)
step 39300/60000 loss 0.0273 lr 2.70e-05 43846s (1.12s/step)
step 39325/60000 loss 0.0327 lr 2.69e-05 43874s (1.12s/step)
step 39350/60000 loss 0.0357 lr 2.69e-05 43902s (1.12s/step)
step 39375/60000 loss 0.0302 lr 2.68e-05 43929s (1.12s/step)
step 39400/60000 loss 0.0414 lr 2.68e-05 43957s (1.12s/step)
step 39425/60000 loss 0.0346 lr 2.67e-05 43985s (1.12s/step)
step 39450/60000 loss 0.0282 lr 2.67e-05 44013s (1.12s/step)
step 39475/60000 loss 0.0343 lr 2.66e-05 44041s (1.12s/step)
step 39500/60000 loss 0.0319 lr 2.65e-05 44069s (1.12s/step)
step 39525/60000 loss 0.0311 lr 2.65e-05 44096s (1.12s/step)
step 39550/60000 loss 0.0307 lr 2.64e-05 44124s (1.12s/step)
step 39575/60000 loss 0.0343 lr 2.64e-05 44152s (1.12s/step)
step 39600/60000 loss 0.0360 lr 2.63e-05 44180s (1.12s/step)
step 39625/60000 loss 0.0307 lr 2.62e-05 44208s (1.12s/step)
step 39650/60000 loss 0.0275 lr 2.62e-05 44235s (1.12s/step)
step 39675/60000 loss 0.0302 lr 2.61e-05 44263s (1.12s/step)
step 39700/60000 loss 0.0254 lr 2.61e-05 44291s (1.12s/step)
step 39725/60000 loss 0.0296 lr 2.60e-05 44319s (1.12s/step)
step 39750/60000 loss 0.0385 lr 2.60e-05 44347s (1.12s/step)
step 39775/60000 loss 0.0372 lr 2.59e-05 44375s (1.12s/step)
step 39800/60000 loss 0.0334 lr 2.58e-05 44402s (1.12s/step)
step 39825/60000 loss 0.0320 lr 2.58e-05 44430s (1.12s/step)
step 39850/60000 loss 0.0302 lr 2.57e-05 44458s (1.12s/step)
step 39875/60000 loss 0.0320 lr 2.57e-05 44486s (1.12s/step)
step 39900/60000 loss 0.0297 lr 2.56e-05 44514s (1.12s/step)
step 39925/60000 loss 0.0251 lr 2.56e-05 44541s (1.12s/step)
step 39950/60000 loss 0.0261 lr 2.55e-05 44569s (1.12s/step)
step 39975/60000 loss 0.0365 lr 2.54e-05 44597s (1.12s/step)
step 40000/60000 loss 0.0371 lr 2.54e-05 44625s (1.12s/step)
step 40025/60000 loss 0.0330 lr 2.53e-05 44659s (1.12s/step)
step 40050/60000 loss 0.0352 lr 2.53e-05 44687s (1.12s/step)
step 40075/60000 loss 0.0378 lr 2.52e-05 44715s (1.12s/step)
step 40100/60000 loss 0.0277 lr 2.52e-05 44742s (1.12s/step)
step 40125/60000 loss 0.0258 lr 2.51e-05 44770s (1.12s/step)
step 40150/60000 loss 0.0353 lr 2.50e-05 44798s (1.12s/step)
step 40175/60000 loss 0.0327 lr 2.50e-05 44826s (1.12s/step)
step 40200/60000 loss 0.0306 lr 2.49e-05 44854s (1.12s/step)
step 40225/60000 loss 0.0224 lr 2.49e-05 44882s (1.12s/step)
step 40250/60000 loss 0.0396 lr 2.48e-05 44909s (1.12s/step)
step 40275/60000 loss 0.0267 lr 2.48e-05 44939s (1.12s/step)
step 40300/60000 loss 0.0262 lr 2.47e-05 44967s (1.12s/step)
step 40325/60000 loss 0.0283 lr 2.46e-05 44994s (1.12s/step)
step 40350/60000 loss 0.0340 lr 2.46e-05 45022s (1.12s/step)
step 40375/60000 loss 0.0302 lr 2.45e-05 45050s (1.12s/step)
step 40400/60000 loss 0.0318 lr 2.45e-05 45078s (1.12s/step)
step 40425/60000 loss 0.0326 lr 2.44e-05 45106s (1.12s/step)
step 40450/60000 loss 0.0269 lr 2.44e-05 45133s (1.12s/step)
step 40475/60000 loss 0.0304 lr 2.43e-05 45161s (1.12s/step)
step 40500/60000 loss 0.0317 lr 2.42e-05 45189s (1.12s/step)
step 40525/60000 loss 0.0293 lr 2.42e-05 45217s (1.12s/step)
step 40550/60000 loss 0.0306 lr 2.41e-05 45245s (1.12s/step)
step 40575/60000 loss 0.0281 lr 2.41e-05 45272s (1.12s/step)
step 40600/60000 loss 0.0337 lr 2.40e-05 45300s (1.12s/step)
step 40625/60000 loss 0.0298 lr 2.40e-05 45328s (1.12s/step)
step 40650/60000 loss 0.0289 lr 2.39e-05 45356s (1.12s/step)
step 40675/60000 loss 0.0340 lr 2.38e-05 45384s (1.12s/step)
step 40700/60000 loss 0.0276 lr 2.38e-05 45412s (1.12s/step)
step 40725/60000 loss 0.0261 lr 2.37e-05 45439s (1.12s/step)
step 40750/60000 loss 0.0277 lr 2.37e-05 45467s (1.12s/step)
step 40775/60000 loss 0.0309 lr 2.36e-05 45495s (1.12s/step)
step 40800/60000 loss 0.0394 lr 2.36e-05 45523s (1.12s/step)
step 40825/60000 loss 0.0242 lr 2.35e-05 45551s (1.12s/step)
step 40850/60000 loss 0.0343 lr 2.35e-05 45578s (1.12s/step)
step 40875/60000 loss 0.0263 lr 2.34e-05 45606s (1.12s/step)
step 40900/60000 loss 0.0276 lr 2.33e-05 45634s (1.12s/step)
step 40925/60000 loss 0.0369 lr 2.33e-05 45662s (1.12s/step)
step 40950/60000 loss 0.0269 lr 2.32e-05 45690s (1.12s/step)
step 40975/60000 loss 0.0278 lr 2.32e-05 45717s (1.12s/step)
step 41000/60000 loss 0.0249 lr 2.31e-05 45745s (1.12s/step)
step 41025/60000 loss 0.0329 lr 2.31e-05 45773s (1.12s/step)
step 41050/60000 loss 0.0298 lr 2.30e-05 45801s (1.12s/step)
step 41075/60000 loss 0.0351 lr 2.30e-05 45829s (1.12s/step)
step 41100/60000 loss 0.0273 lr 2.29e-05 45856s (1.12s/step)
step 41125/60000 loss 0.0276 lr 2.28e-05 45884s (1.12s/step)
step 41150/60000 loss 0.0345 lr 2.28e-05 45912s (1.12s/step)
step 41175/60000 loss 0.0323 lr 2.27e-05 45940s (1.12s/step)
step 41200/60000 loss 0.0341 lr 2.27e-05 45968s (1.12s/step)
step 41225/60000 loss 0.0252 lr 2.26e-05 45995s (1.12s/step)
step 41250/60000 loss 0.0330 lr 2.26e-05 46023s (1.12s/step)
step 41275/60000 loss 0.0349 lr 2.25e-05 46051s (1.12s/step)
step 41300/60000 loss 0.0382 lr 2.25e-05 46079s (1.12s/step)
step 41325/60000 loss 0.0330 lr 2.24e-05 46107s (1.12s/step)
step 41350/60000 loss 0.0295 lr 2.23e-05 46135s (1.12s/step)
step 41375/60000 loss 0.0293 lr 2.23e-05 46162s (1.12s/step)
step 41400/60000 loss 0.0341 lr 2.22e-05 46190s (1.12s/step)
step 41425/60000 loss 0.0350 lr 2.22e-05 46218s (1.12s/step)
step 41450/60000 loss 0.0276 lr 2.21e-05 46246s (1.12s/step)
step 41475/60000 loss 0.0328 lr 2.21e-05 46274s (1.12s/step)
step 41500/60000 loss 0.0351 lr 2.20e-05 46301s (1.12s/step)
step 41525/60000 loss 0.0324 lr 2.20e-05 46329s (1.12s/step)
step 41550/60000 loss 0.0287 lr 2.19e-05 46357s (1.12s/step)
step 41575/60000 loss 0.0324 lr 2.19e-05 46385s (1.12s/step)
step 41600/60000 loss 0.0293 lr 2.18e-05 46413s (1.12s/step)
step 41625/60000 loss 0.0345 lr 2.17e-05 46440s (1.12s/step)
step 41650/60000 loss 0.0354 lr 2.17e-05 46468s (1.12s/step)
step 41675/60000 loss 0.0256 lr 2.16e-05 46496s (1.12s/step)
step 41700/60000 loss 0.0366 lr 2.16e-05 46524s (1.12s/step)
step 41725/60000 loss 0.0371 lr 2.15e-05 46552s (1.12s/step)
step 41750/60000 loss 0.0270 lr 2.15e-05 46579s (1.12s/step)
step 41775/60000 loss 0.0253 lr 2.14e-05 46607s (1.12s/step)
step 41800/60000 loss 0.0299 lr 2.14e-05 46635s (1.12s/step)
step 41825/60000 loss 0.0356 lr 2.13e-05 46663s (1.12s/step)
step 41850/60000 loss 0.0296 lr 2.13e-05 46691s (1.12s/step)
step 41875/60000 loss 0.0321 lr 2.12e-05 46718s (1.12s/step)
step 41900/60000 loss 0.0361 lr 2.11e-05 46746s (1.12s/step)
step 41925/60000 loss 0.0330 lr 2.11e-05 46774s (1.12s/step)
step 41950/60000 loss 0.0327 lr 2.10e-05 46802s (1.12s/step)
step 41975/60000 loss 0.0255 lr 2.10e-05 46830s (1.12s/step)
step 42000/60000 loss 0.0311 lr 2.09e-05 46858s (1.12s/step)
step 42025/60000 loss 0.0236 lr 2.09e-05 46892s (1.12s/step)
step 42050/60000 loss 0.0272 lr 2.08e-05 46920s (1.12s/step)
step 42075/60000 loss 0.0341 lr 2.08e-05 46947s (1.12s/step)
step 42100/60000 loss 0.0366 lr 2.07e-05 46975s (1.12s/step)
step 42125/60000 loss 0.0233 lr 2.07e-05 47003s (1.12s/step)
step 42150/60000 loss 0.0255 lr 2.06e-05 47031s (1.12s/step)
step 42175/60000 loss 0.0299 lr 2.06e-05 47059s (1.12s/step)
step 42200/60000 loss 0.0312 lr 2.05e-05 47086s (1.12s/step)
step 42225/60000 loss 0.0278 lr 2.05e-05 47114s (1.12s/step)
step 42250/60000 loss 0.0301 lr 2.04e-05 47142s (1.12s/step)
step 42275/60000 loss 0.0338 lr 2.03e-05 47170s (1.12s/step)
step 42300/60000 loss 0.0317 lr 2.03e-05 47198s (1.12s/step)
step 42325/60000 loss 0.0355 lr 2.02e-05 47225s (1.12s/step)
step 42350/60000 loss 0.0341 lr 2.02e-05 47253s (1.12s/step)
step 42375/60000 loss 0.0385 lr 2.01e-05 47281s (1.12s/step)
step 42400/60000 loss 0.0284 lr 2.01e-05 47309s (1.12s/step)
step 42425/60000 loss 0.0331 lr 2.00e-05 47337s (1.12s/step)
step 42450/60000 loss 0.0273 lr 2.00e-05 47365s (1.12s/step)
step 42475/60000 loss 0.0347 lr 1.99e-05 47392s (1.12s/step)
step 42500/60000 loss 0.0465 lr 1.99e-05 47420s (1.12s/step)
step 42525/60000 loss 0.0277 lr 1.98e-05 47448s (1.12s/step)
step 42550/60000 loss 0.0307 lr 1.98e-05 47476s (1.12s/step)
step 42575/60000 loss 0.0303 lr 1.97e-05 47504s (1.12s/step)
step 42600/60000 loss 0.0369 lr 1.97e-05 47531s (1.12s/step)
step 42625/60000 loss 0.0348 lr 1.96e-05 47559s (1.12s/step)
step 42650/60000 loss 0.0323 lr 1.96e-05 47587s (1.12s/step)
step 42675/60000 loss 0.0304 lr 1.95e-05 47615s (1.12s/step)
step 42700/60000 loss 0.0280 lr 1.94e-05 47643s (1.12s/step)
step 42725/60000 loss 0.0304 lr 1.94e-05 47670s (1.12s/step)
step 42750/60000 loss 0.0264 lr 1.93e-05 47698s (1.12s/step)
step 42775/60000 loss 0.0289 lr 1.93e-05 47726s (1.12s/step)
step 42800/60000 loss 0.0302 lr 1.92e-05 47754s (1.12s/step)
step 42825/60000 loss 0.0268 lr 1.92e-05 47782s (1.12s/step)
step 42850/60000 loss 0.0327 lr 1.91e-05 47809s (1.12s/step)
step 42875/60000 loss 0.0401 lr 1.91e-05 47837s (1.12s/step)
step 42900/60000 loss 0.0375 lr 1.90e-05 47865s (1.12s/step)
step 42925/60000 loss 0.0350 lr 1.90e-05 47893s (1.12s/step)
step 42950/60000 loss 0.0349 lr 1.89e-05 47921s (1.12s/step)
step 42975/60000 loss 0.0326 lr 1.89e-05 47948s (1.12s/step)
step 43000/60000 loss 0.0316 lr 1.88e-05 47976s (1.12s/step)
step 43025/60000 loss 0.0298 lr 1.88e-05 48004s (1.12s/step)
step 43050/60000 loss 0.0399 lr 1.87e-05 48032s (1.12s/step)
step 43075/60000 loss 0.0304 lr 1.87e-05 48059s (1.12s/step)
step 43100/60000 loss 0.0328 lr 1.86e-05 48087s (1.12s/step)
step 43125/60000 loss 0.0327 lr 1.86e-05 48115s (1.12s/step)
step 43150/60000 loss 0.0294 lr 1.85e-05 48143s (1.12s/step)
step 43175/60000 loss 0.0275 lr 1.85e-05 48171s (1.12s/step)
step 43200/60000 loss 0.0357 lr 1.84e-05 48199s (1.12s/step)
step 43225/60000 loss 0.0352 lr 1.84e-05 48226s (1.12s/step)
step 43250/60000 loss 0.0326 lr 1.83e-05 48254s (1.12s/step)
step 43275/60000 loss 0.0288 lr 1.83e-05 48282s (1.12s/step)
step 43300/60000 loss 0.0360 lr 1.82e-05 48310s (1.12s/step)
step 43325/60000 loss 0.0345 lr 1.82e-05 48338s (1.12s/step)
step 43350/60000 loss 0.0299 lr 1.81e-05 48365s (1.12s/step)
step 43375/60000 loss 0.0364 lr 1.81e-05 48393s (1.12s/step)
step 43400/60000 loss 0.0293 lr 1.80e-05 48421s (1.12s/step)
step 43425/60000 loss 0.0304 lr 1.80e-05 48449s (1.12s/step)
step 43450/60000 loss 0.0262 lr 1.79e-05 48477s (1.12s/step)
step 43475/60000 loss 0.0323 lr 1.79e-05 48504s (1.12s/step)
step 43500/60000 loss 0.0374 lr 1.78e-05 48532s (1.12s/step)
step 43525/60000 loss 0.0264 lr 1.78e-05 48560s (1.12s/step)
step 43550/60000 loss 0.0369 lr 1.77e-05 48588s (1.12s/step)
step 43575/60000 loss 0.0333 lr 1.77e-05 48616s (1.12s/step)
step 43600/60000 loss 0.0352 lr 1.76e-05 48643s (1.12s/step)
step 43625/60000 loss 0.0344 lr 1.76e-05 48671s (1.12s/step)
step 43650/60000 loss 0.0320 lr 1.75e-05 48699s (1.12s/step)
step 43675/60000 loss 0.0232 lr 1.75e-05 48727s (1.12s/step)
step 43700/60000 loss 0.0322 lr 1.74e-05 48755s (1.12s/step)
step 43725/60000 loss 0.0329 lr 1.74e-05 48782s (1.12s/step)
step 43750/60000 loss 0.0338 lr 1.73e-05 48810s (1.12s/step)
step 43775/60000 loss 0.0327 lr 1.73e-05 48838s (1.12s/step)
step 43800/60000 loss 0.0300 lr 1.72e-05 48866s (1.12s/step)
step 43825/60000 loss 0.0322 lr 1.72e-05 48894s (1.12s/step)
step 43850/60000 loss 0.0319 lr 1.71e-05 48921s (1.12s/step)
step 43875/60000 loss 0.0280 lr 1.71e-05 48949s (1.12s/step)
step 43900/60000 loss 0.0304 lr 1.70e-05 48977s (1.12s/step)
step 43925/60000 loss 0.0270 lr 1.70e-05 49005s (1.12s/step)
step 43950/60000 loss 0.0326 lr 1.69e-05 49033s (1.12s/step)
step 43975/60000 loss 0.0306 lr 1.69e-05 49061s (1.12s/step)
step 44000/60000 loss 0.0285 lr 1.68e-05 49088s (1.12s/step)
step 44025/60000 loss 0.0380 lr 1.68e-05 49123s (1.12s/step)
step 44050/60000 loss 0.0308 lr 1.67e-05 49150s (1.12s/step)
step 44075/60000 loss 0.0345 lr 1.67e-05 49178s (1.12s/step)
step 44100/60000 loss 0.0294 lr 1.66e-05 49206s (1.12s/step)
step 44125/60000 loss 0.0256 lr 1.66e-05 49234s (1.12s/step)
step 44150/60000 loss 0.0278 lr 1.65e-05 49262s (1.12s/step)
step 44175/60000 loss 0.0320 lr 1.65e-05 49289s (1.12s/step)
step 44200/60000 loss 0.0283 lr 1.64e-05 49317s (1.12s/step)
step 44225/60000 loss 0.0329 lr 1.64e-05 49345s (1.12s/step)
step 44250/60000 loss 0.0312 lr 1.63e-05 49373s (1.12s/step)
step 44275/60000 loss 0.0349 lr 1.63e-05 49401s (1.12s/step)
step 44300/60000 loss 0.0275 lr 1.62e-05 49428s (1.12s/step)
step 44325/60000 loss 0.0325 lr 1.62e-05 49456s (1.12s/step)
step 44350/60000 loss 0.0359 lr 1.61e-05 49484s (1.12s/step)
step 44375/60000 loss 0.0298 lr 1.61e-05 49512s (1.12s/step)
step 44400/60000 loss 0.0345 lr 1.60e-05 49540s (1.12s/step)
step 44425/60000 loss 0.0317 lr 1.60e-05 49567s (1.12s/step)
step 44450/60000 loss 0.0263 lr 1.59e-05 49595s (1.12s/step)
step 44475/60000 loss 0.0313 lr 1.59e-05 49623s (1.12s/step)
step 44500/60000 loss 0.0341 lr 1.58e-05 49651s (1.12s/step)
step 44525/60000 loss 0.0256 lr 1.58e-05 49679s (1.12s/step)
step 44550/60000 loss 0.0329 lr 1.57e-05 49706s (1.12s/step)
step 44575/60000 loss 0.0305 lr 1.57e-05 49734s (1.12s/step)
step 44600/60000 loss 0.0286 lr 1.56e-05 49762s (1.12s/step)
step 44625/60000 loss 0.0333 lr 1.56e-05 49790s (1.12s/step)
step 44650/60000 loss 0.0322 lr 1.55e-05 49818s (1.12s/step)
step 44675/60000 loss 0.0349 lr 1.55e-05 49845s (1.12s/step)
step 44700/60000 loss 0.0337 lr 1.54e-05 49873s (1.12s/step)
step 44725/60000 loss 0.0340 lr 1.54e-05 49901s (1.12s/step)
step 44750/60000 loss 0.0328 lr 1.54e-05 49929s (1.12s/step)
step 44775/60000 loss 0.0261 lr 1.53e-05 49957s (1.12s/step)
step 44800/60000 loss 0.0357 lr 1.53e-05 49984s (1.12s/step)
step 44825/60000 loss 0.0330 lr 1.52e-05 50012s (1.12s/step)
step 44850/60000 loss 0.0299 lr 1.52e-05 50040s (1.12s/step)
step 44875/60000 loss 0.0370 lr 1.51e-05 50068s (1.12s/step)
step 44900/60000 loss 0.0291 lr 1.51e-05 50096s (1.12s/step)
step 44925/60000 loss 0.0347 lr 1.50e-05 50123s (1.12s/step)
step 44950/60000 loss 0.0330 lr 1.50e-05 50151s (1.12s/step)
step 44975/60000 loss 0.0319 lr 1.49e-05 50179s (1.12s/step)
step 45000/60000 loss 0.0340 lr 1.49e-05 50207s (1.12s/step)
step 45025/60000 loss 0.0383 lr 1.48e-05 50235s (1.12s/step)
step 45050/60000 loss 0.0389 lr 1.48e-05 50262s (1.12s/step)
step 45075/60000 loss 0.0385 lr 1.47e-05 50290s (1.12s/step)
step 45100/60000 loss 0.0371 lr 1.47e-05 50318s (1.12s/step)
step 45125/60000 loss 0.0342 lr 1.46e-05 50346s (1.12s/step)
step 45150/60000 loss 0.0344 lr 1.46e-05 50374s (1.12s/step)
step 45175/60000 loss 0.0307 lr 1.46e-05 50401s (1.12s/step)
step 45200/60000 loss 0.0302 lr 1.45e-05 50429s (1.12s/step)
step 45225/60000 loss 0.0319 lr 1.45e-05 50457s (1.12s/step)
step 45250/60000 loss 0.0294 lr 1.44e-05 50485s (1.12s/step)
step 45275/60000 loss 0.0229 lr 1.44e-05 50513s (1.12s/step)
step 45300/60000 loss 0.0322 lr 1.43e-05 50541s (1.12s/step)
step 45325/60000 loss 0.0355 lr 1.43e-05 50568s (1.12s/step)
step 45350/60000 loss 0.0329 lr 1.42e-05 50596s (1.12s/step)
step 45375/60000 loss 0.0320 lr 1.42e-05 50624s (1.12s/step)
step 45400/60000 loss 0.0286 lr 1.41e-05 50652s (1.12s/step)
step 45425/60000 loss 0.0357 lr 1.41e-05 50680s (1.12s/step)
step 45450/60000 loss 0.0356 lr 1.40e-05 50707s (1.12s/step)
step 45475/60000 loss 0.0388 lr 1.40e-05 50735s (1.12s/step)
step 45500/60000 loss 0.0381 lr 1.40e-05 50763s (1.12s/step)
step 45525/60000 loss 0.0251 lr 1.39e-05 50791s (1.12s/step)
step 45550/60000 loss 0.0320 lr 1.39e-05 50819s (1.12s/step)
step 45575/60000 loss 0.0314 lr 1.38e-05 50846s (1.12s/step)
step 45600/60000 loss 0.0280 lr 1.38e-05 50874s (1.12s/step)
step 45625/60000 loss 0.0328 lr 1.37e-05 50902s (1.12s/step)
step 45650/60000 loss 0.0383 lr 1.37e-05 50930s (1.12s/step)
step 45675/60000 loss 0.0293 lr 1.36e-05 50958s (1.12s/step)
step 45700/60000 loss 0.0367 lr 1.36e-05 50985s (1.12s/step)
step 45725/60000 loss 0.0314 lr 1.35e-05 51013s (1.12s/step)
step 45750/60000 loss 0.0346 lr 1.35e-05 51041s (1.12s/step)
step 45775/60000 loss 0.0322 lr 1.35e-05 51069s (1.12s/step)
step 45800/60000 loss 0.0277 lr 1.34e-05 51097s (1.12s/step)
step 45825/60000 loss 0.0234 lr 1.34e-05 51124s (1.12s/step)
step 45850/60000 loss 0.0297 lr 1.33e-05 51152s (1.12s/step)
step 45875/60000 loss 0.0305 lr 1.33e-05 51180s (1.12s/step)
step 45900/60000 loss 0.0320 lr 1.32e-05 51208s (1.12s/step)
step 45925/60000 loss 0.0311 lr 1.32e-05 51236s (1.12s/step)
step 45950/60000 loss 0.0379 lr 1.31e-05 51263s (1.12s/step)
step 45975/60000 loss 0.0341 lr 1.31e-05 51291s (1.12s/step)
step 46000/60000 loss 0.0318 lr 1.30e-05 51319s (1.12s/step)
step 46025/60000 loss 0.0344 lr 1.30e-05 51353s (1.12s/step)
step 46050/60000 loss 0.0265 lr 1.30e-05 51381s (1.12s/step)
step 46075/60000 loss 0.0304 lr 1.29e-05 51409s (1.12s/step)
step 46100/60000 loss 0.0296 lr 1.29e-05 51437s (1.12s/step)
step 46125/60000 loss 0.0347 lr 1.28e-05 51464s (1.12s/step)
step 46150/60000 loss 0.0287 lr 1.28e-05 51492s (1.12s/step)
step 46175/60000 loss 0.0298 lr 1.27e-05 51520s (1.12s/step)
step 46200/60000 loss 0.0335 lr 1.27e-05 51548s (1.12s/step)
step 46225/60000 loss 0.0339 lr 1.27e-05 51576s (1.12s/step)
step 46250/60000 loss 0.0318 lr 1.26e-05 51603s (1.12s/step)
step 46275/60000 loss 0.0316 lr 1.26e-05 51631s (1.12s/step)
step 46300/60000 loss 0.0341 lr 1.25e-05 51659s (1.12s/step)
step 46325/60000 loss 0.0255 lr 1.25e-05 51687s (1.12s/step)
step 46350/60000 loss 0.0300 lr 1.24e-05 51715s (1.12s/step)
step 46375/60000 loss 0.0375 lr 1.24e-05 51742s (1.12s/step)
step 46400/60000 loss 0.0303 lr 1.23e-05 51770s (1.12s/step)
step 46425/60000 loss 0.0303 lr 1.23e-05 51798s (1.12s/step)
step 46450/60000 loss 0.0314 lr 1.23e-05 51826s (1.12s/step)
step 46475/60000 loss 0.0337 lr 1.22e-05 51854s (1.12s/step)
step 46500/60000 loss 0.0361 lr 1.22e-05 51881s (1.12s/step)
step 46525/60000 loss 0.0328 lr 1.21e-05 51909s (1.12s/step)
step 46550/60000 loss 0.0304 lr 1.21e-05 51937s (1.12s/step)
step 46575/60000 loss 0.0297 lr 1.20e-05 51965s (1.12s/step)
step 46600/60000 loss 0.0263 lr 1.20e-05 51993s (1.12s/step)
step 46625/60000 loss 0.0311 lr 1.20e-05 52020s (1.12s/step)
step 46650/60000 loss 0.0230 lr 1.19e-05 52048s (1.12s/step)
step 46675/60000 loss 0.0326 lr 1.19e-05 52076s (1.12s/step)
step 46700/60000 loss 0.0388 lr 1.18e-05 52104s (1.12s/step)
step 46725/60000 loss 0.0301 lr 1.18e-05 52132s (1.12s/step)
step 46750/60000 loss 0.0353 lr 1.17e-05 52159s (1.12s/step)
step 46775/60000 loss 0.0347 lr 1.17e-05 52187s (1.12s/step)
step 46800/60000 loss 0.0301 lr 1.17e-05 52215s (1.12s/step)
step 46825/60000 loss 0.0335 lr 1.16e-05 52243s (1.12s/step)
step 46850/60000 loss 0.0349 lr 1.16e-05 52271s (1.12s/step)
step 46875/60000 loss 0.0276 lr 1.15e-05 52298s (1.12s/step)
step 46900/60000 loss 0.0283 lr 1.15e-05 52326s (1.12s/step)
step 46925/60000 loss 0.0332 lr 1.14e-05 52354s (1.12s/step)
step 46950/60000 loss 0.0302 lr 1.14e-05 52382s (1.12s/step)
step 46975/60000 loss 0.0356 lr 1.14e-05 52410s (1.12s/step)
step 47000/60000 loss 0.0330 lr 1.13e-05 52437s (1.12s/step)
step 47025/60000 loss 0.0287 lr 1.13e-05 52465s (1.12s/step)
step 47050/60000 loss 0.0316 lr 1.12e-05 52493s (1.12s/step)
step 47075/60000 loss 0.0332 lr 1.12e-05 52521s (1.12s/step)
step 47100/60000 loss 0.0292 lr 1.12e-05 52549s (1.12s/step)
step 47125/60000 loss 0.0313 lr 1.11e-05 52576s (1.12s/step)
step 47150/60000 loss 0.0277 lr 1.11e-05 52604s (1.12s/step)
step 47175/60000 loss 0.0237 lr 1.10e-05 52632s (1.12s/step)
step 47200/60000 loss 0.0321 lr 1.10e-05 52660s (1.12s/step)
step 47225/60000 loss 0.0287 lr 1.09e-05 52688s (1.12s/step)
step 47250/60000 loss 0.0321 lr 1.09e-05 52715s (1.12s/step)
step 47275/60000 loss 0.0268 lr 1.09e-05 52743s (1.12s/step)
step 47300/60000 loss 0.0260 lr 1.08e-05 52771s (1.12s/step)
step 47325/60000 loss 0.0303 lr 1.08e-05 52799s (1.12s/step)
step 47350/60000 loss 0.0281 lr 1.07e-05 52827s (1.12s/step)
step 47375/60000 loss 0.0294 lr 1.07e-05 52854s (1.12s/step)
step 47400/60000 loss 0.0346 lr 1.07e-05 52882s (1.12s/step)
step 47425/60000 loss 0.0308 lr 1.06e-05 52910s (1.12s/step)
step 47450/60000 loss 0.0342 lr 1.06e-05 52938s (1.12s/step)
step 47475/60000 loss 0.0361 lr 1.05e-05 52966s (1.12s/step)
step 47500/60000 loss 0.0312 lr 1.05e-05 52993s (1.12s/step)
step 47525/60000 loss 0.0320 lr 1.05e-05 53021s (1.12s/step)
step 47550/60000 loss 0.0357 lr 1.04e-05 53049s (1.12s/step)
step 47575/60000 loss 0.0353 lr 1.04e-05 53077s (1.12s/step)
step 47600/60000 loss 0.0348 lr 1.03e-05 53105s (1.12s/step)
step 47625/60000 loss 0.0281 lr 1.03e-05 53132s (1.12s/step)
step 47650/60000 loss 0.0284 lr 1.03e-05 53160s (1.12s/step)
step 47675/60000 loss 0.0302 lr 1.02e-05 53188s (1.12s/step)
step 47700/60000 loss 0.0279 lr 1.02e-05 53216s (1.12s/step)
step 47725/60000 loss 0.0343 lr 1.01e-05 53244s (1.12s/step)
step 47750/60000 loss 0.0361 lr 1.01e-05 53272s (1.12s/step)
step 47775/60000 loss 0.0292 lr 1.01e-05 53299s (1.12s/step)
step 47800/60000 loss 0.0439 lr 1.00e-05 53327s (1.12s/step)
step 47825/60000 loss 0.0419 lr 9.98e-06 53355s (1.12s/step)
step 47850/60000 loss 0.0366 lr 9.94e-06 53383s (1.12s/step)
step 47875/60000 loss 0.0345 lr 9.90e-06 53411s (1.12s/step)
step 47900/60000 loss 0.0277 lr 9.86e-06 53438s (1.12s/step)
step 47925/60000 loss 0.0294 lr 9.82e-06 53466s (1.12s/step)
step 47950/60000 loss 0.0305 lr 9.78e-06 53494s (1.12s/step)
step 47975/60000 loss 0.0316 lr 9.74e-06 53522s (1.12s/step)
step 48000/60000 loss 0.0375 lr 9.70e-06 53550s (1.12s/step)
step 48025/60000 loss 0.0304 lr 9.67e-06 53584s (1.12s/step)
step 48050/60000 loss 0.0287 lr 9.63e-06 53612s (1.12s/step)
step 48075/60000 loss 0.0320 lr 9.59e-06 53639s (1.12s/step)
step 48100/60000 loss 0.0318 lr 9.55e-06 53667s (1.12s/step)
step 48125/60000 loss 0.0284 lr 9.51e-06 53695s (1.12s/step)
step 48150/60000 loss 0.0331 lr 9.47e-06 53723s (1.12s/step)
step 48175/60000 loss 0.0316 lr 9.43e-06 53751s (1.12s/step)
step 48200/60000 loss 0.0350 lr 9.39e-06 53778s (1.12s/step)
step 48225/60000 loss 0.0365 lr 9.36e-06 53806s (1.12s/step)
step 48250/60000 loss 0.0259 lr 9.32e-06 53834s (1.12s/step)
step 48275/60000 loss 0.0379 lr 9.28e-06 53862s (1.12s/step)
step 48300/60000 loss 0.0307 lr 9.24e-06 53890s (1.12s/step)
step 48325/60000 loss 0.0354 lr 9.20e-06 53917s (1.12s/step)
step 48350/60000 loss 0.0315 lr 9.16e-06 53945s (1.12s/step)
step 48375/60000 loss 0.0291 lr 9.13e-06 53973s (1.12s/step)
step 48400/60000 loss 0.0307 lr 9.09e-06 54001s (1.12s/step)
step 48425/60000 loss 0.0311 lr 9.05e-06 54029s (1.12s/step)
step 48450/60000 loss 0.0423 lr 9.01e-06 54056s (1.12s/step)
step 48475/60000 loss 0.0334 lr 8.98e-06 54084s (1.12s/step)
step 48500/60000 loss 0.0258 lr 8.94e-06 54112s (1.12s/step)
step 48525/60000 loss 0.0362 lr 8.90e-06 54140s (1.12s/step)
step 48550/60000 loss 0.0331 lr 8.86e-06 54168s (1.12s/step)
step 48575/60000 loss 0.0294 lr 8.82e-06 54195s (1.12s/step)
step 48600/60000 loss 0.0299 lr 8.79e-06 54223s (1.12s/step)
step 48625/60000 loss 0.0353 lr 8.75e-06 54251s (1.12s/step)
step 48650/60000 loss 0.0300 lr 8.71e-06 54279s (1.12s/step)
step 48675/60000 loss 0.0307 lr 8.68e-06 54306s (1.12s/step)
step 48700/60000 loss 0.0353 lr 8.64e-06 54334s (1.12s/step)
step 48725/60000 loss 0.0366 lr 8.60e-06 54362s (1.12s/step)
step 48750/60000 loss 0.0292 lr 8.56e-06 54390s (1.12s/step)
step 48775/60000 loss 0.0275 lr 8.53e-06 54418s (1.12s/step)
step 48800/60000 loss 0.0309 lr 8.49e-06 54445s (1.12s/step)
step 48825/60000 loss 0.0340 lr 8.45e-06 54473s (1.12s/step)
step 48850/60000 loss 0.0330 lr 8.42e-06 54501s (1.12s/step)
step 48875/60000 loss 0.0265 lr 8.38e-06 54529s (1.12s/step)
step 48900/60000 loss 0.0273 lr 8.34e-06 54557s (1.12s/step)
step 48925/60000 loss 0.0307 lr 8.31e-06 54584s (1.12s/step)
step 48950/60000 loss 0.0317 lr 8.27e-06 54612s (1.12s/step)
step 48975/60000 loss 0.0310 lr 8.24e-06 54640s (1.12s/step)
step 49000/60000 loss 0.0289 lr 8.20e-06 54668s (1.12s/step)
step 49025/60000 loss 0.0333 lr 8.16e-06 54696s (1.12s/step)
step 49050/60000 loss 0.0303 lr 8.13e-06 54723s (1.12s/step)
step 49075/60000 loss 0.0294 lr 8.09e-06 54751s (1.12s/step)
step 49100/60000 loss 0.0337 lr 8.05e-06 54779s (1.12s/step)
step 49125/60000 loss 0.0356 lr 8.02e-06 54807s (1.12s/step)
step 49150/60000 loss 0.0366 lr 7.98e-06 54835s (1.12s/step)
step 49175/60000 loss 0.0375 lr 7.95e-06 54862s (1.12s/step)
step 49200/60000 loss 0.0417 lr 7.91e-06 54890s (1.12s/step)
step 49225/60000 loss 0.0414 lr 7.88e-06 54918s (1.12s/step)
step 49250/60000 loss 0.0257 lr 7.84e-06 54946s (1.12s/step)
step 49275/60000 loss 0.0310 lr 7.80e-06 54974s (1.12s/step)
step 49300/60000 loss 0.0296 lr 7.77e-06 55001s (1.12s/step)
step 49325/60000 loss 0.0318 lr 7.73e-06 55029s (1.12s/step)
step 49350/60000 loss 0.0257 lr 7.70e-06 55057s (1.12s/step)
step 49375/60000 loss 0.0240 lr 7.66e-06 55085s (1.12s/step)
step 49400/60000 loss 0.0307 lr 7.63e-06 55113s (1.12s/step)
step 49425/60000 loss 0.0299 lr 7.59e-06 55140s (1.12s/step)
step 49450/60000 loss 0.0321 lr 7.56e-06 55168s (1.12s/step)
step 49475/60000 loss 0.0269 lr 7.52e-06 55196s (1.12s/step)
step 49500/60000 loss 0.0329 lr 7.49e-06 55224s (1.12s/step)
step 49525/60000 loss 0.0379 lr 7.45e-06 55252s (1.12s/step)
step 49550/60000 loss 0.0353 lr 7.42e-06 55279s (1.12s/step)
step 49575/60000 loss 0.0337 lr 7.39e-06 55307s (1.12s/step)
step 49600/60000 loss 0.0349 lr 7.35e-06 55335s (1.12s/step)
step 49625/60000 loss 0.0325 lr 7.32e-06 55363s (1.12s/step)
step 49650/60000 loss 0.0303 lr 7.28e-06 55391s (1.12s/step)
step 49675/60000 loss 0.0447 lr 7.25e-06 55419s (1.12s/step)
step 49700/60000 loss 0.0359 lr 7.21e-06 55446s (1.12s/step)
step 49725/60000 loss 0.0285 lr 7.18e-06 55474s (1.12s/step)
step 49750/60000 loss 0.0315 lr 7.15e-06 55502s (1.12s/step)
step 49775/60000 loss 0.0320 lr 7.11e-06 55530s (1.12s/step)
step 49800/60000 loss 0.0299 lr 7.08e-06 55558s (1.12s/step)
step 49825/60000 loss 0.0302 lr 7.04e-06 55585s (1.12s/step)
step 49850/60000 loss 0.0293 lr 7.01e-06 55613s (1.12s/step)
step 49875/60000 loss 0.0348 lr 6.98e-06 55641s (1.12s/step)
step 49900/60000 loss 0.0333 lr 6.94e-06 55669s (1.12s/step)
step 49925/60000 loss 0.0369 lr 6.91e-06 55697s (1.12s/step)
step 49950/60000 loss 0.0377 lr 6.88e-06 55724s (1.12s/step)
step 49975/60000 loss 0.0307 lr 6.84e-06 55752s (1.12s/step)
step 50000/60000 loss 0.0261 lr 6.81e-06 55780s (1.12s/step)
step 50025/60000 loss 0.0352 lr 6.78e-06 55814s (1.12s/step)
step 50050/60000 loss 0.0344 lr 6.74e-06 55842s (1.12s/step)
step 50075/60000 loss 0.0337 lr 6.71e-06 55870s (1.12s/step)
step 50100/60000 loss 0.0278 lr 6.68e-06 55898s (1.12s/step)
step 50125/60000 loss 0.0359 lr 6.64e-06 55925s (1.12s/step)
step 50150/60000 loss 0.0331 lr 6.61e-06 55953s (1.12s/step)
step 50175/60000 loss 0.0308 lr 6.58e-06 55981s (1.12s/step)
step 50200/60000 loss 0.0255 lr 6.55e-06 56009s (1.12s/step)
step 50225/60000 loss 0.0283 lr 6.51e-06 56037s (1.12s/step)
step 50250/60000 loss 0.0350 lr 6.48e-06 56064s (1.12s/step)
step 50275/60000 loss 0.0254 lr 6.45e-06 56092s (1.12s/step)
step 50300/60000 loss 0.0301 lr 6.42e-06 56120s (1.12s/step)
step 50325/60000 loss 0.0282 lr 6.38e-06 56148s (1.12s/step)
step 50350/60000 loss 0.0289 lr 6.35e-06 56176s (1.12s/step)
step 50375/60000 loss 0.0322 lr 6.32e-06 56204s (1.12s/step)
step 50400/60000 loss 0.0294 lr 6.29e-06 56231s (1.12s/step)
step 50425/60000 loss 0.0426 lr 6.25e-06 56259s (1.12s/step)
step 50450/60000 loss 0.0305 lr 6.22e-06 56287s (1.12s/step)
step 50475/60000 loss 0.0299 lr 6.19e-06 56315s (1.12s/step)
step 50500/60000 loss 0.0313 lr 6.16e-06 56343s (1.12s/step)
step 50525/60000 loss 0.0277 lr 6.13e-06 56370s (1.12s/step)
step 50550/60000 loss 0.0338 lr 6.10e-06 56398s (1.12s/step)
step 50575/60000 loss 0.0327 lr 6.06e-06 56426s (1.12s/step)
step 50600/60000 loss 0.0326 lr 6.03e-06 56454s (1.12s/step)
step 50625/60000 loss 0.0349 lr 6.00e-06 56482s (1.12s/step)
step 50650/60000 loss 0.0352 lr 5.97e-06 56509s (1.12s/step)
step 50675/60000 loss 0.0328 lr 5.94e-06 56537s (1.12s/step)
step 50700/60000 loss 0.0333 lr 5.91e-06 56565s (1.12s/step)
step 50725/60000 loss 0.0321 lr 5.88e-06 56593s (1.12s/step)
step 50750/60000 loss 0.0307 lr 5.85e-06 56621s (1.12s/step)
step 50775/60000 loss 0.0322 lr 5.81e-06 56648s (1.12s/step)
step 50800/60000 loss 0.0314 lr 5.78e-06 56676s (1.12s/step)
step 50825/60000 loss 0.0299 lr 5.75e-06 56704s (1.12s/step)
step 50850/60000 loss 0.0234 lr 5.72e-06 56732s (1.12s/step)
step 50875/60000 loss 0.0293 lr 5.69e-06 56759s (1.12s/step)
step 50900/60000 loss 0.0239 lr 5.66e-06 56787s (1.12s/step)
step 50925/60000 loss 0.0258 lr 5.63e-06 56815s (1.12s/step)
step 50950/60000 loss 0.0291 lr 5.60e-06 56843s (1.12s/step)
step 50975/60000 loss 0.0301 lr 5.57e-06 56871s (1.12s/step)
step 51000/60000 loss 0.0317 lr 5.54e-06 56898s (1.12s/step)
step 51025/60000 loss 0.0239 lr 5.51e-06 56926s (1.12s/step)
step 51050/60000 loss 0.0301 lr 5.48e-06 56954s (1.12s/step)
step 51075/60000 loss 0.0271 lr 5.45e-06 56982s (1.12s/step)
step 51100/60000 loss 0.0323 lr 5.42e-06 57010s (1.12s/step)
step 51125/60000 loss 0.0278 lr 5.39e-06 57038s (1.12s/step)
step 51150/60000 loss 0.0311 lr 5.36e-06 57065s (1.12s/step)
step 51175/60000 loss 0.0302 lr 5.33e-06 57093s (1.12s/step)
step 51200/60000 loss 0.0335 lr 5.30e-06 57121s (1.12s/step)
step 51225/60000 loss 0.0313 lr 5.27e-06 57149s (1.12s/step)
step 51250/60000 loss 0.0409 lr 5.24e-06 57177s (1.12s/step)
step 51275/60000 loss 0.0376 lr 5.21e-06 57204s (1.12s/step)
step 51300/60000 loss 0.0367 lr 5.18e-06 57232s (1.12s/step)
step 51325/60000 loss 0.0262 lr 5.15e-06 57260s (1.12s/step)
step 51350/60000 loss 0.0287 lr 5.12e-06 57288s (1.12s/step)
step 51375/60000 loss 0.0333 lr 5.10e-06 57316s (1.12s/step)
step 51400/60000 loss 0.0341 lr 5.07e-06 57343s (1.12s/step)
step 51425/60000 loss 0.0334 lr 5.04e-06 57371s (1.12s/step)
step 51450/60000 loss 0.0330 lr 5.01e-06 57399s (1.12s/step)
step 51475/60000 loss 0.0324 lr 4.98e-06 57427s (1.12s/step)
step 51500/60000 loss 0.0287 lr 4.95e-06 57455s (1.12s/step)
step 51525/60000 loss 0.0354 lr 4.92e-06 57482s (1.12s/step)
step 51550/60000 loss 0.0305 lr 4.89e-06 57510s (1.12s/step)
step 51575/60000 loss 0.0352 lr 4.87e-06 57538s (1.12s/step)
step 51600/60000 loss 0.0296 lr 4.84e-06 57566s (1.12s/step)
step 51625/60000 loss 0.0244 lr 4.81e-06 57594s (1.12s/step)
step 51650/60000 loss 0.0278 lr 4.78e-06 57621s (1.12s/step)
step 51675/60000 loss 0.0333 lr 4.75e-06 57649s (1.12s/step)
step 51700/60000 loss 0.0335 lr 4.72e-06 57677s (1.12s/step)
step 51725/60000 loss 0.0314 lr 4.70e-06 57705s (1.12s/step)
step 51750/60000 loss 0.0311 lr 4.67e-06 57732s (1.12s/step)
step 51775/60000 loss 0.0297 lr 4.64e-06 57760s (1.12s/step)
step 51800/60000 loss 0.0293 lr 4.61e-06 57788s (1.12s/step)
step 51825/60000 loss 0.0385 lr 4.59e-06 57816s (1.12s/step)
step 51850/60000 loss 0.0320 lr 4.56e-06 57844s (1.12s/step)
step 51875/60000 loss 0.0350 lr 4.53e-06 57871s (1.12s/step)
step 51900/60000 loss 0.0412 lr 4.50e-06 57899s (1.12s/step)
step 51925/60000 loss 0.0285 lr 4.48e-06 57927s (1.12s/step)
step 51950/60000 loss 0.0331 lr 4.45e-06 57955s (1.12s/step)
step 51975/60000 loss 0.0277 lr 4.42e-06 57983s (1.12s/step)
step 52000/60000 loss 0.0317 lr 4.39e-06 58010s (1.12s/step)
step 52025/60000 loss 0.0337 lr 4.37e-06 58045s (1.12s/step)
step 52050/60000 loss 0.0344 lr 4.34e-06 58072s (1.12s/step)
step 52075/60000 loss 0.0358 lr 4.31e-06 58100s (1.12s/step)
step 52100/60000 loss 0.0314 lr 4.29e-06 58128s (1.12s/step)
step 52125/60000 loss 0.0337 lr 4.26e-06 58156s (1.12s/step)
step 52150/60000 loss 0.0303 lr 4.23e-06 58184s (1.12s/step)
step 52175/60000 loss 0.0265 lr 4.21e-06 58211s (1.12s/step)
step 52200/60000 loss 0.0322 lr 4.18e-06 58239s (1.12s/step)
step 52225/60000 loss 0.0284 lr 4.15e-06 58267s (1.12s/step)
step 52250/60000 loss 0.0316 lr 4.13e-06 58295s (1.12s/step)
step 52275/60000 loss 0.0363 lr 4.10e-06 58323s (1.12s/step)
step 52300/60000 loss 0.0306 lr 4.08e-06 58351s (1.12s/step)
step 52325/60000 loss 0.0300 lr 4.05e-06 58378s (1.12s/step)
step 52350/60000 loss 0.0309 lr 4.02e-06 58406s (1.12s/step)
step 52375/60000 loss 0.0293 lr 4.00e-06 58434s (1.12s/step)
step 52400/60000 loss 0.0293 lr 3.97e-06 58462s (1.12s/step)
step 52425/60000 loss 0.0312 lr 3.95e-06 58490s (1.12s/step)
step 52450/60000 loss 0.0334 lr 3.92e-06 58517s (1.12s/step)
step 52475/60000 loss 0.0271 lr 3.89e-06 58545s (1.12s/step)
step 52500/60000 loss 0.0305 lr 3.87e-06 58573s (1.12s/step)
step 52525/60000 loss 0.0343 lr 3.84e-06 58601s (1.12s/step)
step 52550/60000 loss 0.0338 lr 3.82e-06 58629s (1.12s/step)
step 52575/60000 loss 0.0368 lr 3.79e-06 58656s (1.12s/step)
step 52600/60000 loss 0.0267 lr 3.77e-06 58684s (1.12s/step)
step 52625/60000 loss 0.0289 lr 3.74e-06 58712s (1.12s/step)
step 52650/60000 loss 0.0305 lr 3.72e-06 58740s (1.12s/step)
step 52675/60000 loss 0.0295 lr 3.69e-06 58768s (1.12s/step)
step 52700/60000 loss 0.0359 lr 3.67e-06 58796s (1.12s/step)
step 52725/60000 loss 0.0325 lr 3.64e-06 58823s (1.12s/step)
step 52750/60000 loss 0.0265 lr 3.62e-06 58851s (1.12s/step)
step 52775/60000 loss 0.0253 lr 3.59e-06 58879s (1.12s/step)
step 52800/60000 loss 0.0361 lr 3.57e-06 58907s (1.12s/step)
step 52825/60000 loss 0.0381 lr 3.55e-06 58935s (1.12s/step)
step 52850/60000 loss 0.0420 lr 3.52e-06 58962s (1.12s/step)
step 52875/60000 loss 0.0371 lr 3.50e-06 58990s (1.12s/step)
step 52900/60000 loss 0.0314 lr 3.47e-06 59018s (1.12s/step)
step 52925/60000 loss 0.0366 lr 3.45e-06 59046s (1.12s/step)
step 52950/60000 loss 0.0314 lr 3.42e-06 59074s (1.12s/step)
step 52975/60000 loss 0.0322 lr 3.40e-06 59101s (1.12s/step)
step 53000/60000 loss 0.0285 lr 3.38e-06 59129s (1.12s/step)
step 53025/60000 loss 0.0263 lr 3.35e-06 59157s (1.12s/step)
step 53050/60000 loss 0.0331 lr 3.33e-06 59185s (1.12s/step)
step 53075/60000 loss 0.0307 lr 3.31e-06 59213s (1.12s/step)
step 53100/60000 loss 0.0267 lr 3.28e-06 59241s (1.12s/step)
step 53125/60000 loss 0.0370 lr 3.26e-06 59268s (1.12s/step)
step 53150/60000 loss 0.0406 lr 3.23e-06 59296s (1.12s/step)
step 53175/60000 loss 0.0291 lr 3.21e-06 59324s (1.12s/step)
step 53200/60000 loss 0.0287 lr 3.19e-06 59352s (1.12s/step)
step 53225/60000 loss 0.0281 lr 3.17e-06 59379s (1.12s/step)
step 53250/60000 loss 0.0394 lr 3.14e-06 59407s (1.12s/step)
step 53275/60000 loss 0.0369 lr 3.12e-06 59435s (1.12s/step)
step 53300/60000 loss 0.0383 lr 3.10e-06 59463s (1.12s/step)
step 53325/60000 loss 0.0344 lr 3.07e-06 59491s (1.12s/step)
step 53350/60000 loss 0.0273 lr 3.05e-06 59518s (1.12s/step)
step 53375/60000 loss 0.0389 lr 3.03e-06 59546s (1.12s/step)
step 53400/60000 loss 0.0282 lr 3.01e-06 59574s (1.12s/step)
step 53425/60000 loss 0.0303 lr 2.98e-06 59602s (1.12s/step)
step 53450/60000 loss 0.0352 lr 2.96e-06 59630s (1.12s/step)
step 53475/60000 loss 0.0360 lr 2.94e-06 59657s (1.12s/step)
step 53500/60000 loss 0.0323 lr 2.92e-06 59685s (1.12s/step)
step 53525/60000 loss 0.0337 lr 2.89e-06 59713s (1.12s/step)
step 53550/60000 loss 0.0345 lr 2.87e-06 59741s (1.12s/step)
step 53575/60000 loss 0.0345 lr 2.85e-06 59769s (1.12s/step)
step 53600/60000 loss 0.0286 lr 2.83e-06 59796s (1.12s/step)
step 53625/60000 loss 0.0357 lr 2.81e-06 59824s (1.12s/step)
step 53650/60000 loss 0.0313 lr 2.78e-06 59852s (1.12s/step)
step 53675/60000 loss 0.0262 lr 2.76e-06 59880s (1.12s/step)
step 53700/60000 loss 0.0308 lr 2.74e-06 59908s (1.12s/step)
step 53725/60000 loss 0.0259 lr 2.72e-06 59935s (1.12s/step)
step 53750/60000 loss 0.0316 lr 2.70e-06 59963s (1.12s/step)
step 53775/60000 loss 0.0353 lr 2.68e-06 59991s (1.12s/step)
step 53800/60000 loss 0.0322 lr 2.66e-06 60019s (1.12s/step)
step 53825/60000 loss 0.0245 lr 2.63e-06 60046s (1.12s/step)
step 53850/60000 loss 0.0371 lr 2.61e-06 60074s (1.12s/step)
step 53875/60000 loss 0.0335 lr 2.59e-06 60102s (1.12s/step)
step 53900/60000 loss 0.0298 lr 2.57e-06 60130s (1.12s/step)
step 53925/60000 loss 0.0327 lr 2.55e-06 60158s (1.12s/step)
step 53950/60000 loss 0.0278 lr 2.53e-06 60185s (1.12s/step)
step 53975/60000 loss 0.0327 lr 2.51e-06 60213s (1.12s/step)
step 54000/60000 loss 0.0311 lr 2.49e-06 60241s (1.12s/step)
step 54025/60000 loss 0.0391 lr 2.47e-06 60275s (1.12s/step)
step 54050/60000 loss 0.0273 lr 2.45e-06 60303s (1.12s/step)
step 54075/60000 loss 0.0294 lr 2.43e-06 60331s (1.12s/step)
step 54100/60000 loss 0.0394 lr 2.41e-06 60359s (1.12s/step)
step 54125/60000 loss 0.0355 lr 2.39e-06 60387s (1.12s/step)
step 54150/60000 loss 0.0374 lr 2.37e-06 60414s (1.12s/step)
step 54175/60000 loss 0.0285 lr 2.35e-06 60442s (1.12s/step)
step 54200/60000 loss 0.0299 lr 2.33e-06 60470s (1.12s/step)
step 54225/60000 loss 0.0319 lr 2.31e-06 60498s (1.12s/step)
step 54250/60000 loss 0.0341 lr 2.29e-06 60526s (1.12s/step)
step 54275/60000 loss 0.0311 lr 2.27e-06 60553s (1.12s/step)
step 54300/60000 loss 0.0289 lr 2.25e-06 60581s (1.12s/step)
step 54325/60000 loss 0.0322 lr 2.23e-06 60609s (1.12s/step)
step 54350/60000 loss 0.0345 lr 2.21e-06 60637s (1.12s/step)
step 54375/60000 loss 0.0377 lr 2.19e-06 60665s (1.12s/step)
step 54400/60000 loss 0.0342 lr 2.17e-06 60692s (1.12s/step)
step 54425/60000 loss 0.0303 lr 2.15e-06 60720s (1.12s/step)
step 54450/60000 loss 0.0262 lr 2.13e-06 60748s (1.12s/step)
step 54475/60000 loss 0.0293 lr 2.11e-06 60776s (1.12s/step)
step 54500/60000 loss 0.0255 lr 2.09e-06 60804s (1.12s/step)
step 54525/60000 loss 0.0342 lr 2.07e-06 60831s (1.12s/step)
step 54550/60000 loss 0.0297 lr 2.06e-06 60859s (1.12s/step)
step 54575/60000 loss 0.0263 lr 2.04e-06 60887s (1.12s/step)
step 54600/60000 loss 0.0265 lr 2.02e-06 60915s (1.12s/step)
step 54625/60000 loss 0.0258 lr 2.00e-06 60943s (1.12s/step)
step 54650/60000 loss 0.0281 lr 1.98e-06 60970s (1.12s/step)
step 54675/60000 loss 0.0366 lr 1.96e-06 60998s (1.12s/step)
step 54700/60000 loss 0.0288 lr 1.95e-06 61026s (1.12s/step)
step 54725/60000 loss 0.0302 lr 1.93e-06 61054s (1.12s/step)
step 54750/60000 loss 0.0314 lr 1.91e-06 61082s (1.12s/step)
step 54775/60000 loss 0.0298 lr 1.89e-06 61109s (1.12s/step)
step 54800/60000 loss 0.0275 lr 1.87e-06 61137s (1.12s/step)
step 54825/60000 loss 0.0310 lr 1.85e-06 61165s (1.12s/step)
step 54850/60000 loss 0.0290 lr 1.84e-06 61193s (1.12s/step)
step 54875/60000 loss 0.0356 lr 1.82e-06 61221s (1.12s/step)
step 54900/60000 loss 0.0280 lr 1.80e-06 61248s (1.12s/step)
step 54925/60000 loss 0.0373 lr 1.78e-06 61276s (1.12s/step)
step 54950/60000 loss 0.0343 lr 1.77e-06 61304s (1.12s/step)
step 54975/60000 loss 0.0226 lr 1.75e-06 61332s (1.12s/step)
step 55000/60000 loss 0.0254 lr 1.73e-06 61360s (1.12s/step)
step 55025/60000 loss 0.0305 lr 1.72e-06 61387s (1.12s/step)
step 55050/60000 loss 0.0258 lr 1.70e-06 61415s (1.12s/step)
step 55075/60000 loss 0.0283 lr 1.68e-06 61443s (1.12s/step)
step 55100/60000 loss 0.0273 lr 1.66e-06 61471s (1.12s/step)
step 55125/60000 loss 0.0288 lr 1.65e-06 61499s (1.12s/step)
step 55150/60000 loss 0.0314 lr 1.63e-06 61526s (1.12s/step)
step 55175/60000 loss 0.0323 lr 1.61e-06 61554s (1.12s/step)
step 55200/60000 loss 0.0286 lr 1.60e-06 61582s (1.12s/step)
step 55225/60000 loss 0.0330 lr 1.58e-06 61610s (1.12s/step)
step 55250/60000 loss 0.0343 lr 1.56e-06 61638s (1.12s/step)
step 55275/60000 loss 0.0285 lr 1.55e-06 61665s (1.12s/step)
step 55300/60000 loss 0.0363 lr 1.53e-06 61693s (1.12s/step)
step 55325/60000 loss 0.0365 lr 1.52e-06 61721s (1.12s/step)
step 55350/60000 loss 0.0341 lr 1.50e-06 61749s (1.12s/step)
step 55375/60000 loss 0.0295 lr 1.48e-06 61777s (1.12s/step)
step 55400/60000 loss 0.0246 lr 1.47e-06 61804s (1.12s/step)
step 55425/60000 loss 0.0291 lr 1.45e-06 61832s (1.12s/step)
step 55450/60000 loss 0.0297 lr 1.44e-06 61860s (1.12s/step)
step 55475/60000 loss 0.0347 lr 1.42e-06 61888s (1.12s/step)
step 55500/60000 loss 0.0369 lr 1.40e-06 61916s (1.12s/step)
step 55525/60000 loss 0.0318 lr 1.39e-06 61943s (1.12s/step)
step 55550/60000 loss 0.0293 lr 1.37e-06 61971s (1.12s/step)
step 55575/60000 loss 0.0318 lr 1.36e-06 61999s (1.12s/step)
step 55600/60000 loss 0.0321 lr 1.34e-06 62027s (1.12s/step)
step 55625/60000 loss 0.0321 lr 1.33e-06 62055s (1.12s/step)
step 55650/60000 loss 0.0351 lr 1.31e-06 62083s (1.12s/step)
step 55675/60000 loss 0.0302 lr 1.30e-06 62110s (1.12s/step)
step 55700/60000 loss 0.0371 lr 1.28e-06 62138s (1.12s/step)
step 55725/60000 loss 0.0306 lr 1.27e-06 62166s (1.12s/step)
step 55750/60000 loss 0.0325 lr 1.25e-06 62194s (1.12s/step)
step 55775/60000 loss 0.0351 lr 1.24e-06 62222s (1.12s/step)
step 55800/60000 loss 0.0308 lr 1.22e-06 62249s (1.12s/step)
step 55825/60000 loss 0.0332 lr 1.21e-06 62277s (1.12s/step)
step 55850/60000 loss 0.0306 lr 1.20e-06 62305s (1.12s/step)
step 55875/60000 loss 0.0256 lr 1.18e-06 62333s (1.12s/step)
step 55900/60000 loss 0.0342 lr 1.17e-06 62361s (1.12s/step)
step 55925/60000 loss 0.0354 lr 1.15e-06 62388s (1.12s/step)
step 55950/60000 loss 0.0367 lr 1.14e-06 62416s (1.12s/step)
step 55975/60000 loss 0.0288 lr 1.12e-06 62444s (1.12s/step)
step 56000/60000 loss 0.0284 lr 1.11e-06 62472s (1.12s/step)
step 56025/60000 loss 0.0342 lr 1.10e-06 62506s (1.12s/step)
step 56050/60000 loss 0.0293 lr 1.08e-06 62534s (1.12s/step)
step 56075/60000 loss 0.0330 lr 1.07e-06 62562s (1.12s/step)
step 56100/60000 loss 0.0343 lr 1.06e-06 62589s (1.12s/step)
step 56125/60000 loss 0.0377 lr 1.04e-06 62617s (1.12s/step)
step 56150/60000 loss 0.0335 lr 1.03e-06 62645s (1.12s/step)
step 56175/60000 loss 0.0338 lr 1.02e-06 62673s (1.12s/step)
step 56200/60000 loss 0.0260 lr 1.00e-06 62701s (1.12s/step)
step 56225/60000 loss 0.0297 lr 9.90e-07 62728s (1.12s/step)
step 56250/60000 loss 0.0312 lr 9.77e-07 62756s (1.12s/step)
step 56275/60000 loss 0.0293 lr 9.64e-07 62784s (1.12s/step)
step 56300/60000 loss 0.0266 lr 9.51e-07 62812s (1.12s/step)
step 56325/60000 loss 0.0297 lr 9.38e-07 62840s (1.12s/step)
step 56350/60000 loss 0.0335 lr 9.26e-07 62867s (1.12s/step)
step 56375/60000 loss 0.0282 lr 9.13e-07 62895s (1.12s/step)
step 56400/60000 loss 0.0385 lr 9.01e-07 62923s (1.12s/step)
step 56425/60000 loss 0.0323 lr 8.88e-07 62951s (1.12s/step)
step 56450/60000 loss 0.0349 lr 8.76e-07 62979s (1.12s/step)
step 56475/60000 loss 0.0400 lr 8.64e-07 63006s (1.12s/step)
step 56500/60000 loss 0.0318 lr 8.51e-07 63034s (1.12s/step)
step 56525/60000 loss 0.0369 lr 8.39e-07 63062s (1.12s/step)
step 56550/60000 loss 0.0364 lr 8.27e-07 63090s (1.12s/step)
step 56575/60000 loss 0.0391 lr 8.15e-07 63118s (1.12s/step)
step 56600/60000 loss 0.0266 lr 8.04e-07 63146s (1.12s/step)
step 56625/60000 loss 0.0299 lr 7.92e-07 63173s (1.12s/step)
step 56650/60000 loss 0.0325 lr 7.80e-07 63201s (1.12s/step)
step 56675/60000 loss 0.0282 lr 7.69e-07 63229s (1.12s/step)
step 56700/60000 loss 0.0344 lr 7.57e-07 63257s (1.12s/step)
step 56725/60000 loss 0.0314 lr 7.46e-07 63284s (1.12s/step)
step 56750/60000 loss 0.0297 lr 7.34e-07 63312s (1.12s/step)
step 56775/60000 loss 0.0330 lr 7.23e-07 63340s (1.12s/step)
step 56800/60000 loss 0.0328 lr 7.12e-07 63368s (1.12s/step)
step 56825/60000 loss 0.0349 lr 7.01e-07 63396s (1.12s/step)
step 56850/60000 loss 0.0283 lr 6.90e-07 63423s (1.12s/step)
step 56875/60000 loss 0.0327 lr 6.79e-07 63451s (1.12s/step)
step 56900/60000 loss 0.0320 lr 6.68e-07 63479s (1.12s/step)
step 56925/60000 loss 0.0340 lr 6.58e-07 63507s (1.12s/step)
step 56950/60000 loss 0.0361 lr 6.47e-07 63535s (1.12s/step)
step 56975/60000 loss 0.0347 lr 6.36e-07 63562s (1.12s/step)
step 57000/60000 loss 0.0306 lr 6.26e-07 63590s (1.12s/step)
step 57025/60000 loss 0.0276 lr 6.16e-07 63618s (1.12s/step)
step 57050/60000 loss 0.0312 lr 6.05e-07 63646s (1.12s/step)
step 57075/60000 loss 0.0372 lr 5.95e-07 63674s (1.12s/step)
step 57100/60000 loss 0.0257 lr 5.85e-07 63701s (1.12s/step)
step 57125/60000 loss 0.0298 lr 5.75e-07 63729s (1.12s/step)
step 57150/60000 loss 0.0327 lr 5.65e-07 63757s (1.12s/step)
step 57175/60000 loss 0.0340 lr 5.55e-07 63785s (1.12s/step)
step 57200/60000 loss 0.0342 lr 5.45e-07 63812s (1.12s/step)
step 57225/60000 loss 0.0355 lr 5.36e-07 63840s (1.12s/step)
step 57250/60000 loss 0.0315 lr 5.26e-07 63868s (1.12s/step)
step 57275/60000 loss 0.0411 lr 5.17e-07 63896s (1.12s/step)
step 57300/60000 loss 0.0364 lr 5.07e-07 63924s (1.12s/step)
step 57325/60000 loss 0.0309 lr 4.98e-07 63951s (1.12s/step)
step 57350/60000 loss 0.0293 lr 4.89e-07 63979s (1.12s/step)
step 57375/60000 loss 0.0272 lr 4.79e-07 64007s (1.12s/step)
step 57400/60000 loss 0.0376 lr 4.70e-07 64035s (1.12s/step)
step 57425/60000 loss 0.0286 lr 4.61e-07 64063s (1.12s/step)
step 57450/60000 loss 0.0317 lr 4.53e-07 64090s (1.12s/step)
step 57475/60000 loss 0.0263 lr 4.44e-07 64118s (1.12s/step)
step 57500/60000 loss 0.0316 lr 4.35e-07 64146s (1.12s/step)
step 57525/60000 loss 0.0317 lr 4.26e-07 64174s (1.12s/step)
step 57550/60000 loss 0.0313 lr 4.18e-07 64202s (1.12s/step)
step 57575/60000 loss 0.0284 lr 4.09e-07 64229s (1.12s/step)
step 57600/60000 loss 0.0300 lr 4.01e-07 64257s (1.12s/step)
step 57625/60000 loss 0.0290 lr 3.93e-07 64285s (1.12s/step)
step 57650/60000 loss 0.0390 lr 3.84e-07 64313s (1.12s/step)
step 57675/60000 loss 0.0368 lr 3.76e-07 64341s (1.12s/step)
step 57700/60000 loss 0.0275 lr 3.68e-07 64368s (1.12s/step)
step 57725/60000 loss 0.0236 lr 3.60e-07 64396s (1.12s/step)
step 57750/60000 loss 0.0286 lr 3.52e-07 64424s (1.12s/step)
step 57775/60000 loss 0.0299 lr 3.45e-07 64452s (1.12s/step)
step 57800/60000 loss 0.0278 lr 3.37e-07 64480s (1.12s/step)
step 57825/60000 loss 0.0261 lr 3.29e-07 64507s (1.12s/step)
step 57850/60000 loss 0.0295 lr 3.22e-07 64535s (1.12s/step)
step 57875/60000 loss 0.0310 lr 3.14e-07 64563s (1.12s/step)
step 57900/60000 loss 0.0350 lr 3.07e-07 64591s (1.12s/step)
step 57925/60000 loss 0.0361 lr 3.00e-07 64619s (1.12s/step)
step 57950/60000 loss 0.0240 lr 2.93e-07 64646s (1.12s/step)
step 57975/60000 loss 0.0290 lr 2.86e-07 64674s (1.12s/step)
step 58000/60000 loss 0.0310 lr 2.79e-07 64702s (1.12s/step)
step 58025/60000 loss 0.0250 lr 2.72e-07 64736s (1.12s/step)
step 58050/60000 loss 0.0361 lr 2.65e-07 64764s (1.12s/step)
step 58075/60000 loss 0.0350 lr 2.58e-07 64792s (1.12s/step)
step 58100/60000 loss 0.0343 lr 2.51e-07 64820s (1.12s/step)
step 58125/60000 loss 0.0354 lr 2.45e-07 64847s (1.12s/step)
step 58150/60000 loss 0.0320 lr 2.38e-07 64875s (1.12s/step)
step 58175/60000 loss 0.0289 lr 2.32e-07 64903s (1.12s/step)
step 58200/60000 loss 0.0332 lr 2.26e-07 64931s (1.12s/step)
step 58225/60000 loss 0.0333 lr 2.19e-07 64959s (1.12s/step)
step 58250/60000 loss 0.0300 lr 2.13e-07 64986s (1.12s/step)
step 58275/60000 loss 0.0283 lr 2.07e-07 65014s (1.12s/step)
step 58300/60000 loss 0.0343 lr 2.01e-07 65042s (1.12s/step)
step 58325/60000 loss 0.0280 lr 1.95e-07 65070s (1.12s/step)
step 58350/60000 loss 0.0331 lr 1.90e-07 65098s (1.12s/step)
step 58375/60000 loss 0.0422 lr 1.84e-07 65125s (1.12s/step)
step 58400/60000 loss 0.0340 lr 1.78e-07 65153s (1.12s/step)
step 58425/60000 loss 0.0289 lr 1.73e-07 65181s (1.12s/step)
step 58450/60000 loss 0.0299 lr 1.67e-07 65209s (1.12s/step)
step 58475/60000 loss 0.0284 lr 1.62e-07 65237s (1.12s/step)
step 58500/60000 loss 0.0316 lr 1.57e-07 65264s (1.12s/step)
step 58525/60000 loss 0.0400 lr 1.52e-07 65292s (1.12s/step)
step 58550/60000 loss 0.0241 lr 1.46e-07 65320s (1.12s/step)
step 58575/60000 loss 0.0301 lr 1.41e-07 65348s (1.12s/step)
step 58600/60000 loss 0.0311 lr 1.37e-07 65376s (1.12s/step)
step 58625/60000 loss 0.0319 lr 1.32e-07 65403s (1.12s/step)
step 58650/60000 loss 0.0358 lr 1.27e-07 65431s (1.12s/step)
step 58675/60000 loss 0.0335 lr 1.22e-07 65459s (1.12s/step)
step 58700/60000 loss 0.0342 lr 1.18e-07 65487s (1.12s/step)
step 58725/60000 loss 0.0320 lr 1.13e-07 65515s (1.12s/step)
step 58750/60000 loss 0.0333 lr 1.09e-07 65542s (1.12s/step)
step 58775/60000 loss 0.0362 lr 1.05e-07 65570s (1.12s/step)
step 58800/60000 loss 0.0246 lr 1.00e-07 65598s (1.12s/step)
step 58825/60000 loss 0.0288 lr 9.62e-08 65626s (1.12s/step)
step 58850/60000 loss 0.0341 lr 9.21e-08 65654s (1.12s/step)
step 58875/60000 loss 0.0300 lr 8.82e-08 65681s (1.12s/step)
step 58900/60000 loss 0.0300 lr 8.43e-08 65709s (1.12s/step)
step 58925/60000 loss 0.0366 lr 8.05e-08 65737s (1.12s/step)
step 58950/60000 loss 0.0313 lr 7.68e-08 65765s (1.12s/step)
step 58975/60000 loss 0.0351 lr 7.32e-08 65793s (1.12s/step)
step 59000/60000 loss 0.0326 lr 6.97e-08 65820s (1.12s/step)
step 59025/60000 loss 0.0293 lr 6.62e-08 65848s (1.12s/step)
step 59050/60000 loss 0.0276 lr 6.29e-08 65876s (1.12s/step)
step 59075/60000 loss 0.0305 lr 5.96e-08 65904s (1.12s/step)
step 59100/60000 loss 0.0319 lr 5.64e-08 65932s (1.12s/step)
step 59125/60000 loss 0.0335 lr 5.34e-08 65959s (1.12s/step)
step 59150/60000 loss 0.0342 lr 5.03e-08 65987s (1.12s/step)
step 59175/60000 loss 0.0311 lr 4.74e-08 66015s (1.12s/step)
step 59200/60000 loss 0.0279 lr 4.46e-08 66043s (1.12s/step)
step 59225/60000 loss 0.0337 lr 4.19e-08 66071s (1.12s/step)
step 59250/60000 loss 0.0305 lr 3.92e-08 66098s (1.12s/step)
step 59275/60000 loss 0.0382 lr 3.66e-08 66126s (1.12s/step)
step 59300/60000 loss 0.0276 lr 3.41e-08 66154s (1.12s/step)
step 59325/60000 loss 0.0394 lr 3.18e-08 66182s (1.12s/step)
step 59350/60000 loss 0.0327 lr 2.94e-08 66210s (1.12s/step)
step 59375/60000 loss 0.0330 lr 2.72e-08 66237s (1.12s/step)
step 59400/60000 loss 0.0332 lr 2.51e-08 66265s (1.12s/step)
step 59425/60000 loss 0.0344 lr 2.30e-08 66293s (1.12s/step)
step 59450/60000 loss 0.0295 lr 2.11e-08 66321s (1.12s/step)
step 59475/60000 loss 0.0282 lr 1.92e-08 66349s (1.12s/step)
step 59500/60000 loss 0.0339 lr 1.74e-08 66376s (1.12s/step)
step 59525/60000 loss 0.0306 lr 1.57e-08 66404s (1.12s/step)
step 59550/60000 loss 0.0364 lr 1.41e-08 66432s (1.12s/step)
step 59575/60000 loss 0.0351 lr 1.26e-08 66460s (1.12s/step)
step 59600/60000 loss 0.0324 lr 1.12e-08 66488s (1.12s/step)
step 59625/60000 loss 0.0370 lr 9.80e-09 66515s (1.12s/step)
step 59650/60000 loss 0.0351 lr 8.54e-09 66543s (1.12s/step)
step 59675/60000 loss 0.0327 lr 7.36e-09 66571s (1.12s/step)
step 59700/60000 loss 0.0294 lr 6.27e-09 66599s (1.12s/step)
step 59725/60000 loss 0.0338 lr 5.27e-09 66627s (1.12s/step)
step 59750/60000 loss 0.0275 lr 4.36e-09 66654s (1.12s/step)
step 59775/60000 loss 0.0377 lr 3.53e-09 66682s (1.12s/step)
step 59800/60000 loss 0.0328 lr 2.79e-09 66710s (1.12s/step)
step 59825/60000 loss 0.0290 lr 2.13e-09 66738s (1.12s/step)
step 59850/60000 loss 0.0288 lr 1.57e-09 66766s (1.12s/step)
step 59875/60000 loss 0.0289 lr 1.09e-09 66793s (1.12s/step)
step 59900/60000 loss 0.0350 lr 6.97e-10 66821s (1.12s/step)
step 59925/60000 loss 0.0306 lr 3.92e-10 66849s (1.12s/step)
step 59950/60000 loss 0.0366 lr 1.74e-10 66877s (1.12s/step)
step 59975/60000 loss 0.0395 lr 4.36e-11 66905s (1.12s/step)
step 60000/60000 loss 0.0292 lr 0.00e+00 66933s (1.12s/step)
done in 1115.8 min
